state,district,age_0_5,age_5_17,age_18_greater,total_enrollments,child_enrolment_ratio,teen_enrolment_ratio,adult_enrolment_ratio,enrollment_risk_score,month_num
Madhya Pradesh,Jabalpur,1638,121,2513,4272,0.383,0.028,0.588,0.303,738681
Karnataka,Hubli,343,491,435,1269,0.27,0.387,0.343,0.333,738590
Rajasthan,Jodhpur,459,313,912,1684,0.273,0.186,0.542,0.221,738518
Uttar Pradesh,Varanasi,1705,699,654,3058,0.558,0.229,0.214,0.444,738681
Karnataka,Hubli,1267,831,301,2399,0.528,0.346,0.125,0.456,738536
Madhya Pradesh,Bhopal,600,315,2020,2935,0.204,0.107,0.688,0.222,738645
Rajasthan,Jodhpur,1369,564,1391,3324,0.412,0.17,0.418,0.325,738663
Tamil Nadu,Madurai,775,34,2247,3056,0.254,0.011,0.735,0.213,738700
Rajasthan,Jaipur,1025,389,671,2085,0.492,0.187,0.322,0.39,738554
West Bengal,Durgapur,201,214,246,661,0.304,0.324,0.372,0.289,738518
Tamil Nadu,Chennai,366,52,419,837,0.437,0.062,0.501,0.34,738627
Tamil Nadu,Trichy,64,856,1642,2562,0.025,0.334,0.641,0.181,738645
Madhya Pradesh,Bhopal,647,471,1409,2527,0.256,0.186,0.558,0.284,738627
Maharashtra,Mumbai,1017,40,1721,2778,0.366,0.014,0.62,0.299,738663
Tamil Nadu,Madurai,502,406,2696,3604,0.139,0.113,0.748,0.216,738645
Tamil Nadu,Trichy,960,738,372,2070,0.464,0.357,0.18,0.428,738590
West Bengal,Durgapur,1028,1241,2071,4340,0.237,0.286,0.477,0.26,738536
Maharashtra,Mumbai,863,742,379,1984,0.435,0.374,0.191,0.375,738663
Uttar Pradesh,Agra,484,406,1367,2257,0.214,0.18,0.606,0.261,738554
West Bengal,Asansol,1266,85,871,2222,0.57,0.038,0.392,0.438,738609
Tamil Nadu,Coimbatore,1012,645,440,2097,0.483,0.308,0.21,0.373,738663
Tamil Nadu,Coimbatore,1254,189,720,2163,0.58,0.087,0.333,0.403,738681
Uttar Pradesh,Lucknow,632,627,547,1806,0.35,0.347,0.303,0.317,738645
Rajasthan,Kota,1257,683,2973,4913,0.256,0.139,0.605,0.235,738681
Karnataka,Hubli,1631,1495,819,3945,0.413,0.379,0.208,0.364,738681
Uttar Pradesh,Kanpur,951,80,760,1791,0.531,0.045,0.424,0.403,738554
Maharashtra,Mumbai,735,224,395,1354,0.543,0.165,0.292,0.433,738518
West Bengal,Asansol,246,835,1152,2233,0.11,0.374,0.516,0.251,738663
Madhya Pradesh,Gwalior,400,766,3552,4718,0.085,0.162,0.753,0.172,738627
Bihar,Gaya,751,143,1536,2430,0.309,0.059,0.632,0.294,738590
Uttar Pradesh,Lucknow,2511,1372,899,4782,0.525,0.287,0.188,0.412,738700
Tamil Nadu,Madurai,146,147,2193,2486,0.059,0.059,0.882,0.158,738663
Karnataka,Hubli,550,337,101,988,0.557,0.341,0.102,0.456,738554
Uttar Pradesh,Lucknow,1634,262,2665,4561,0.358,0.057,0.584,0.309,738518
Tamil Nadu,Trichy,571,368,184,1123,0.508,0.328,0.164,0.413,738663
Tamil Nadu,Chennai,2056,1256,1278,4590,0.448,0.274,0.278,0.375,738572
Maharashtra,Nagpur,2199,53,2747,4999,0.44,0.011,0.55,0.334,738536
Maharashtra,Mumbai,103,253,1589,1945,0.053,0.13,0.817,0.177,738627
Maharashtra,Nashik,152,92,354,598,0.254,0.154,0.592,0.238,738645
Bihar,Gaya,956,1704,1631,4291,0.223,0.397,0.38,0.269,738536
Tamil Nadu,Chennai,1300,815,2878,4993,0.26,0.163,0.576,0.278,738554
Madhya Pradesh,Gwalior,459,954,2191,3604,0.127,0.265,0.608,0.242,738500
Maharashtra,Pune,749,37,759,1545,0.485,0.024,0.491,0.347,738609
Karnataka,Hubli,276,285,164,725,0.381,0.393,0.226,0.377,738681
Uttar Pradesh,Agra,815,658,2094,3567,0.228,0.184,0.587,0.281,738500
Karnataka,Bengaluru,157,476,1110,1743,0.09,0.273,0.637,0.208,738700
Rajasthan,Jaipur,279,348,933,1560,0.179,0.223,0.598,0.244,738590
Maharashtra,Nashik,190,252,1197,1639,0.116,0.154,0.73,0.187,738500
West Bengal,Asansol,255,322,1107,1684,0.151,0.191,0.657,0.218,738609
Madhya Pradesh,Indore,685,791,919,2395,0.286,0.33,0.384,0.284,738663
Bihar,Muzaffarpur,961,638,587,2186,0.44,0.292,0.269,0.399,738590
Uttar Pradesh,Lucknow,1500,1705,1636,4841,0.31,0.352,0.338,0.326,738645
Madhya Pradesh,Indore,920,407,1014,2341,0.393,0.174,0.433,0.332,738536
Uttar Pradesh,Agra,511,399,1958,2868,0.178,0.139,0.683,0.234,738554
Rajasthan,Kota,91,353,1222,1666,0.055,0.212,0.733,0.173,738536
Rajasthan,Udaipur,574,1213,2482,4269,0.134,0.284,0.581,0.207,738645
West Bengal,Howrah,681,837,697,2215,0.307,0.378,0.315,0.336,738663
West Bengal,Kolkata,1595,1003,1026,3624,0.44,0.277,0.283,0.338,738627
Tamil Nadu,Chennai,349,46,981,1376,0.254,0.033,0.713,0.218,738609
Karnataka,Bengaluru,105,157,873,1135,0.093,0.138,0.769,0.182,738518
Maharashtra,Mumbai,786,57,487,1330,0.591,0.043,0.366,0.389,738627
Bihar,Gaya,1119,1141,1089,3349,0.334,0.341,0.325,0.368,738500
Karnataka,Bengaluru,1212,703,1928,3843,0.315,0.183,0.502,0.337,738627
Madhya Pradesh,Gwalior,1679,1458,1612,4749,0.354,0.307,0.339,0.359,738700
West Bengal,Howrah,1243,1092,1521,3856,0.322,0.283,0.394,0.312,738645
Rajasthan,Kota,550,1312,1597,3459,0.159,0.379,0.462,0.243,738572
Rajasthan,Jodhpur,521,801,1248,2570,0.203,0.312,0.486,0.264,738572
Karnataka,Bengaluru,335,257,2995,3587,0.093,0.072,0.835,0.176,738554
Uttar Pradesh,Agra,663,379,309,1351,0.491,0.281,0.229,0.406,738681
Maharashtra,Mumbai,1066,1579,1768,4413,0.242,0.358,0.401,0.287,738700
West Bengal,Kolkata,753,34,3086,3873,0.194,0.009,0.797,0.224,738700
West Bengal,Howrah,1021,417,687,2125,0.48,0.196,0.323,0.354,738663
Maharashtra,Mumbai,825,1098,1844,3767,0.219,0.291,0.49,0.275,738609
West Bengal,Kolkata,393,356,426,1175,0.334,0.303,0.363,0.339,738645
Uttar Pradesh,Varanasi,547,95,980,1622,0.337,0.059,0.604,0.291,738500
West Bengal,Asansol,1548,278,2440,4266,0.363,0.065,0.572,0.29,738500
Uttar Pradesh,Varanasi,2109,595,1748,4452,0.474,0.134,0.393,0.353,738645
Maharashtra,Nagpur,444,232,219,895,0.496,0.259,0.245,0.419,738500
Maharashtra,Nashik,717,734,1551,3002,0.239,0.245,0.517,0.27,738645
Madhya Pradesh,Jabalpur,395,1048,2197,3640,0.109,0.288,0.604,0.224,738572
Tamil Nadu,Madurai,1167,568,2401,4136,0.282,0.137,0.581,0.305,738572
Madhya Pradesh,Jabalpur,491,252,710,1453,0.338,0.173,0.489,0.312,738645
Rajasthan,Udaipur,1217,28,2248,3493,0.348,0.008,0.644,0.247,738627
Tamil Nadu,Chennai,1324,1155,2333,4812,0.275,0.24,0.485,0.257,738609
Tamil Nadu,Coimbatore,1810,444,1732,3986,0.454,0.111,0.435,0.379,738700
Bihar,Gaya,172,652,3810,4634,0.037,0.141,0.822,0.129,738536
Bihar,Muzaffarpur,360,0,595,955,0.377,0.0,0.623,0.266,738663
Uttar Pradesh,Agra,116,133,1074,1323,0.088,0.101,0.812,0.179,738500
Bihar,Muzaffarpur,202,763,3710,4675,0.043,0.163,0.794,0.156,738572
Tamil Nadu,Chennai,655,470,631,1756,0.373,0.268,0.359,0.325,738518
Uttar Pradesh,Varanasi,735,357,761,1853,0.397,0.193,0.411,0.381,738700
Karnataka,Mysuru,2745,1339,601,4685,0.586,0.286,0.128,0.434,738700
Bihar,Muzaffarpur,739,1727,2170,4636,0.159,0.373,0.468,0.244,738700
Uttar Pradesh,Lucknow,731,751,1526,3008,0.243,0.25,0.507,0.27,738572
West Bengal,Kolkata,389,882,2553,3824,0.102,0.231,0.668,0.212,738536
Bihar,Gaya,241,250,806,1297,0.186,0.193,0.621,0.261,738627
West Bengal,Kolkata,800,373,342,1515,0.528,0.246,0.226,0.419,738609
Madhya Pradesh,Bhopal,1633,104,2763,4500,0.363,0.023,0.614,0.264,738590
Maharashtra,Nagpur,517,196,191,904,0.572,0.217,0.211,0.46,738500
West Bengal,Howrah,1168,1108,2402,4678,0.25,0.237,0.513,0.278,738663
Rajasthan,Jaipur,684,716,3246,4646,0.147,0.154,0.699,0.211,738500
Karnataka,Mangaluru,2142,1095,682,3919,0.547,0.279,0.174,0.424,738518
Madhya Pradesh,Indore,437,117,619,1173,0.373,0.1,0.528,0.296,738663
Uttar Pradesh,Agra,762,400,2375,3537,0.215,0.113,0.671,0.248,738572
Karnataka,Hubli,1252,852,1674,3778,0.331,0.226,0.443,0.334,738609
Madhya Pradesh,Indore,97,334,1398,1829,0.053,0.183,0.764,0.174,738700
Maharashtra,Nagpur,248,165,1418,1831,0.135,0.09,0.774,0.203,738518
Rajasthan,Udaipur,132,796,1700,2628,0.05,0.303,0.647,0.184,738663
Tamil Nadu,Coimbatore,1353,784,1835,3972,0.341,0.197,0.462,0.304,738627
Bihar,Gaya,2173,1770,857,4800,0.453,0.369,0.179,0.367,738572
Maharashtra,Nashik,110,760,1536,2406,0.046,0.316,0.638,0.233,738681
Maharashtra,Pune,359,280,760,1399,0.257,0.2,0.543,0.246,738627
Maharashtra,Nashik,92,159,915,1166,0.079,0.136,0.785,0.158,738536
Maharashtra,Mumbai,2581,1428,391,4400,0.587,0.325,0.089,0.449,738572
Rajasthan,Jaipur,345,45,633,1023,0.337,0.044,0.619,0.279,738572
West Bengal,Durgapur,46,213,2537,2796,0.016,0.076,0.907,0.078,738645
Madhya Pradesh,Jabalpur,47,336,2995,3378,0.014,0.099,0.887,0.144,738681
Uttar Pradesh,Varanasi,302,638,2326,3266,0.092,0.195,0.712,0.173,738554
Karnataka,Mysuru,2125,1239,1259,4623,0.46,0.268,0.272,0.378,738663
Maharashtra,Nashik,918,749,479,2146,0.428,0.349,0.223,0.386,738536
Maharashtra,Nagpur,1906,1038,901,3845,0.496,0.27,0.234,0.408,738700
Tamil Nadu,Coimbatore,1296,230,950,2476,0.523,0.093,0.384,0.371,738609
Rajasthan,Jodhpur,2072,1603,421,4096,0.506,0.391,0.103,0.458,738700
Bihar,Bhagalpur,1493,33,3180,4706,0.317,0.007,0.676,0.234,738554
Madhya Pradesh,Jabalpur,612,691,1669,2972,0.206,0.233,0.562,0.268,738627
Karnataka,Hubli,1312,1460,1540,4312,0.304,0.339,0.357,0.358,738590
Rajasthan,Jaipur,623,515,967,2105,0.296,0.245,0.459,0.313,738590
Madhya Pradesh,Indore,1629,503,1296,3428,0.475,0.147,0.378,0.37,738590
Rajasthan,Udaipur,846,714,3229,4789,0.177,0.149,0.674,0.185,738645
Tamil Nadu,Chennai,835,224,582,1641,0.509,0.137,0.355,0.393,738590
Tamil Nadu,Chennai,89,653,1806,2548,0.035,0.256,0.709,0.181,738700
Maharashtra,Nagpur,258,672,1596,2526,0.102,0.266,0.632,0.171,738554
Rajasthan,Jodhpur,260,150,99,509,0.511,0.295,0.194,0.386,738627
Karnataka,Mysuru,318,100,402,820,0.388,0.122,0.49,0.323,738554
Uttar Pradesh,Lucknow,910,919,665,2494,0.365,0.368,0.267,0.382,738645
Madhya Pradesh,Bhopal,235,333,3959,4527,0.052,0.074,0.875,0.15,738572
West Bengal,Asansol,1570,512,1053,3135,0.501,0.163,0.336,0.393,738681
Karnataka,Bengaluru,872,1252,2226,4350,0.2,0.288,0.512,0.289,738627
Rajasthan,Kota,1402,77,1919,3398,0.413,0.023,0.565,0.267,738536
West Bengal,Howrah,295,615,2039,2949,0.1,0.209,0.691,0.199,738645
Rajasthan,Kota,992,664,1034,2690,0.369,0.247,0.384,0.31,738536
Bihar,Gaya,2151,1062,974,4187,0.514,0.254,0.233,0.375,738572
Maharashtra,Pune,390,1202,1534,3126,0.125,0.385,0.491,0.222,738590
Madhya Pradesh,Gwalior,477,230,1828,2535,0.188,0.091,0.721,0.204,738500
Maharashtra,Nashik,410,288,922,1620,0.253,0.178,0.569,0.264,738590
Bihar,Patna,864,117,1384,2365,0.365,0.049,0.585,0.283,738681
Rajasthan,Jaipur,2094,323,1311,3728,0.562,0.087,0.352,0.417,738554
Madhya Pradesh,Gwalior,1315,793,347,2455,0.536,0.323,0.141,0.452,738536
Maharashtra,Nagpur,1865,871,1870,4606,0.405,0.189,0.406,0.305,738572
Madhya Pradesh,Indore,217,140,2586,2943,0.074,0.048,0.879,0.176,738681
Karnataka,Mysuru,622,459,403,1484,0.419,0.309,0.272,0.396,738518
Madhya Pradesh,Indore,1430,1792,1424,4646,0.308,0.386,0.307,0.344,738645
Rajasthan,Jaipur,1645,419,1853,3917,0.42,0.107,0.473,0.332,738572
Karnataka,Hubli,1332,1160,1510,4002,0.333,0.29,0.377,0.346,738572
Bihar,Muzaffarpur,936,1826,1950,4712,0.199,0.388,0.414,0.294,738645
Maharashtra,Pune,474,417,2890,3781,0.125,0.11,0.764,0.138,738518
Maharashtra,Mumbai,762,178,514,1454,0.524,0.122,0.354,0.396,738681
Tamil Nadu,Coimbatore,62,1002,3816,4880,0.013,0.205,0.782,0.117,738572
Rajasthan,Jodhpur,966,848,1806,3620,0.267,0.234,0.499,0.264,738700
West Bengal,Asansol,1792,1759,1371,4922,0.364,0.357,0.279,0.35,738500
West Bengal,Howrah,951,722,1309,2982,0.319,0.242,0.439,0.299,738609
Uttar Pradesh,Prayagraj,768,589,1208,2565,0.299,0.23,0.471,0.253,738627
Maharashtra,Nagpur,2549,987,1253,4789,0.532,0.206,0.262,0.396,738518
Maharashtra,Nagpur,54,799,2982,3835,0.014,0.208,0.778,0.077,738554
Bihar,Gaya,161,379,1861,2401,0.067,0.158,0.775,0.19,738536
Maharashtra,Nashik,1790,327,873,2990,0.599,0.109,0.292,0.378,738609
Rajasthan,Jaipur,1287,1441,1447,4175,0.308,0.345,0.347,0.348,738572
Karnataka,Mangaluru,181,222,261,664,0.273,0.334,0.393,0.312,738554
Madhya Pradesh,Jabalpur,774,1696,2455,4925,0.157,0.344,0.498,0.254,738518
Tamil Nadu,Coimbatore,814,708,898,2420,0.336,0.293,0.371,0.302,738518
Tamil Nadu,Madurai,706,470,733,1909,0.37,0.246,0.384,0.358,738663
Uttar Pradesh,Kanpur,1387,1303,1387,4077,0.34,0.32,0.34,0.321,738572
Uttar Pradesh,Kanpur,127,735,1744,2606,0.049,0.282,0.669,0.174,738627
Rajasthan,Jaipur,236,1304,2993,4533,0.052,0.288,0.66,0.182,738627
Madhya Pradesh,Bhopal,493,3,1305,1801,0.274,0.002,0.725,0.259,738590
Rajasthan,Jodhpur,1379,40,1170,2589,0.533,0.015,0.452,0.392,738572
Rajasthan,Jodhpur,341,26,1755,2122,0.161,0.012,0.827,0.215,738500
Uttar Pradesh,Prayagraj,1708,921,824,3453,0.495,0.267,0.239,0.432,738609
West Bengal,Asansol,1599,129,2401,4129,0.387,0.031,0.581,0.31,738663
Maharashtra,Mumbai,148,1802,2674,4624,0.032,0.39,0.578,0.179,738554
Karnataka,Hubli,186,226,1224,1636,0.114,0.138,0.748,0.182,738554
Karnataka,Mysuru,750,147,1388,2285,0.328,0.064,0.607,0.288,738590
Maharashtra,Nagpur,364,481,3575,4420,0.082,0.109,0.809,0.153,738554
Uttar Pradesh,Lucknow,60,615,1065,1740,0.034,0.353,0.612,0.234,738627
Bihar,Patna,1252,107,3367,4726,0.265,0.023,0.712,0.215,738609
Bihar,Muzaffarpur,1067,816,253,2136,0.5,0.382,0.118,0.445,738536
West Bengal,Kolkata,1520,11,2609,4140,0.367,0.003,0.63,0.305,738663
Karnataka,Hubli,1750,373,1529,3652,0.479,0.102,0.419,0.362,738572
Karnataka,Mysuru,488,1561,2177,4226,0.115,0.369,0.515,0.248,738627
Rajasthan,Udaipur,2735,1863,134,4732,0.578,0.394,0.028,0.47,738572
Bihar,Bhagalpur,593,222,1185,2000,0.296,0.111,0.593,0.271,738609
Bihar,Bhagalpur,272,13,829,1114,0.244,0.012,0.744,0.225,738663
Madhya Pradesh,Jabalpur,187,1121,1859,3167,0.059,0.354,0.587,0.202,738536
Bihar,Bhagalpur,38,1550,3371,4959,0.008,0.313,0.68,0.187,738609
Karnataka,Bengaluru,396,160,864,1420,0.279,0.113,0.608,0.267,738554
Rajasthan,Jodhpur,169,33,1036,1238,0.137,0.027,0.837,0.191,738609
Rajasthan,Udaipur,1164,273,867,2304,0.505,0.118,0.376,0.366,738609
West Bengal,Asansol,439,235,97,771,0.569,0.305,0.126,0.474,738645
Madhya Pradesh,Bhopal,358,339,723,1420,0.252,0.239,0.509,0.256,738663
Maharashtra,Mumbai,323,145,2065,2533,0.128,0.057,0.815,0.191,738627
Rajasthan,Jaipur,398,304,229,931,0.427,0.327,0.246,0.36,738645
Maharashtra,Pune,938,709,961,2608,0.36,0.272,0.368,0.329,738572
Madhya Pradesh,Jabalpur,61,76,373,510,0.12,0.149,0.731,0.187,738627
West Bengal,Durgapur,242,492,650,1384,0.175,0.355,0.47,0.245,738590
Rajasthan,Jodhpur,824,217,3780,4821,0.171,0.045,0.784,0.204,738681
Rajasthan,Udaipur,1544,1122,570,3236,0.477,0.347,0.176,0.418,738609
Tamil Nadu,Coimbatore,418,689,989,2096,0.199,0.329,0.472,0.269,738500
Maharashtra,Nashik,780,1143,2646,4569,0.171,0.25,0.579,0.235,738536
West Bengal,Durgapur,579,951,1346,2876,0.201,0.331,0.468,0.255,738645
Uttar Pradesh,Varanasi,169,520,1166,1855,0.091,0.28,0.629,0.194,738645
Madhya Pradesh,Jabalpur,954,225,739,1918,0.497,0.117,0.385,0.337,738645
Karnataka,Hubli,453,36,924,1413,0.321,0.025,0.654,0.24,738572
Tamil Nadu,Trichy,972,592,2972,4536,0.214,0.131,0.655,0.251,738700
Maharashtra,Nashik,1996,1312,1122,4430,0.451,0.296,0.253,0.385,738627
Rajasthan,Kota,1191,91,1601,2883,0.413,0.032,0.555,0.329,738536
Uttar Pradesh,Prayagraj,190,1690,3071,4951,0.038,0.341,0.62,0.198,738663
Rajasthan,Kota,30,22,1004,1056,0.028,0.021,0.951,0.123,738609
Bihar,Muzaffarpur,523,294,271,1088,0.481,0.27,0.249,0.391,738518
Bihar,Muzaffarpur,232,16,1388,1636,0.142,0.01,0.848,0.167,738681
Karnataka,Mangaluru,325,466,716,1507,0.216,0.309,0.475,0.252,738536
Rajasthan,Udaipur,993,411,343,1747,0.568,0.235,0.196,0.443,738663
West Bengal,Howrah,483,241,1663,2387,0.202,0.101,0.697,0.225,738554
Tamil Nadu,Madurai,400,21,996,1417,0.282,0.015,0.703,0.235,738500
Bihar,Gaya,762,1250,2235,4247,0.179,0.294,0.526,0.251,738700
Tamil Nadu,Chennai,32,133,363,528,0.061,0.252,0.688,0.203,738700
Maharashtra,Pune,1453,737,1919,4109,0.354,0.179,0.467,0.304,738609
West Bengal,Asansol,270,118,150,538,0.502,0.219,0.279,0.384,738500
Karnataka,Mysuru,1562,848,1183,3593,0.435,0.236,0.329,0.382,738554
Rajasthan,Kota,20,302,1166,1488,0.013,0.203,0.784,0.184,738627
Rajasthan,Udaipur,933,1550,1980,4463,0.209,0.347,0.444,0.253,738645
Bihar,Patna,1008,792,555,2355,0.428,0.336,0.236,0.391,738536
Tamil Nadu,Trichy,1083,429,595,2107,0.514,0.204,0.282,0.432,738681
Uttar Pradesh,Lucknow,590,26,403,1019,0.579,0.026,0.395,0.404,738572
Maharashtra,Mumbai,535,315,342,1192,0.449,0.264,0.287,0.389,738700
Bihar,Bhagalpur,152,221,653,1026,0.148,0.215,0.636,0.204,738554
Rajasthan,Kota,343,71,202,616,0.557,0.115,0.328,0.437,738645
Maharashtra,Nashik,273,1343,3051,4667,0.058,0.288,0.654,0.193,738500
Rajasthan,Kota,101,424,703,1228,0.082,0.345,0.572,0.209,738681
Karnataka,Hubli,1111,1576,1575,4262,0.261,0.37,0.37,0.304,738590
Rajasthan,Kota,713,935,1572,3220,0.221,0.29,0.488,0.246,738554
Karnataka,Mysuru,224,32,245,501,0.447,0.064,0.489,0.327,738700
Madhya Pradesh,Indore,173,121,295,589,0.294,0.205,0.501,0.309,738590
Bihar,Bhagalpur,304,103,198,605,0.502,0.17,0.327,0.413,738518
Rajasthan,Jaipur,1439,552,1653,3644,0.395,0.151,0.454,0.346,738590
Bihar,Muzaffarpur,1713,1341,1357,4411,0.388,0.304,0.308,0.365,738627
Madhya Pradesh,Gwalior,387,21,299,707,0.547,0.03,0.423,0.406,738681
Bihar,Bhagalpur,970,977,2662,4609,0.21,0.212,0.578,0.227,738536
Madhya Pradesh,Bhopal,306,913,1616,2835,0.108,0.322,0.57,0.208,738609
Maharashtra,Pune,360,58,393,811,0.444,0.072,0.485,0.314,738572
Maharashtra,Mumbai,390,331,131,852,0.458,0.388,0.154,0.418,738590
Uttar Pradesh,Prayagraj,23,403,1030,1456,0.016,0.277,0.707,0.191,738663
Rajasthan,Kota,946,607,659,2212,0.428,0.274,0.298,0.384,738700
Uttar Pradesh,Agra,2382,1441,488,4311,0.553,0.334,0.113,0.455,738663
Maharashtra,Nagpur,636,267,866,1769,0.36,0.151,0.49,0.333,738663
Maharashtra,Mumbai,2068,910,1145,4123,0.502,0.221,0.278,0.41,738518
Tamil Nadu,Trichy,939,525,2405,3869,0.243,0.136,0.622,0.234,738609
Rajasthan,Jodhpur,836,1004,1000,2840,0.294,0.354,0.352,0.3,738609
West Bengal,Durgapur,1107,129,1542,2778,0.398,0.046,0.555,0.306,738627
Madhya Pradesh,Indore,2040,27,1371,3438,0.593,0.008,0.399,0.414,738500
Madhya Pradesh,Bhopal,300,918,3305,4523,0.066,0.203,0.731,0.149,738627
Madhya Pradesh,Gwalior,629,269,2683,3581,0.176,0.075,0.749,0.191,738681
Tamil Nadu,Coimbatore,132,275,1373,1780,0.074,0.154,0.771,0.129,738645
Karnataka,Hubli,575,885,1400,2860,0.201,0.309,0.49,0.279,738700
West Bengal,Kolkata,155,366,1634,2155,0.072,0.17,0.758,0.194,738500
Madhya Pradesh,Indore,956,333,485,1774,0.539,0.188,0.273,0.408,738700
Tamil Nadu,Coimbatore,197,484,877,1558,0.126,0.311,0.563,0.212,738500
West Bengal,Durgapur,690,205,613,1508,0.458,0.136,0.406,0.338,738572
Bihar,Muzaffarpur,216,49,360,625,0.346,0.078,0.576,0.321,738681
West Bengal,Kolkata,918,1451,1380,3749,0.245,0.387,0.368,0.279,738609
Rajasthan,Jaipur,745,891,833,2469,0.302,0.361,0.337,0.325,738554
Madhya Pradesh,Jabalpur,128,668,1068,1864,0.069,0.358,0.573,0.227,738518
Rajasthan,Udaipur,1437,113,1424,2974,0.483,0.038,0.479,0.346,738518
Bihar,Patna,302,743,3174,4219,0.072,0.176,0.752,0.163,738663
Uttar Pradesh,Agra,1310,1076,1186,3572,0.367,0.301,0.332,0.349,738500
Karnataka,Bengaluru,1009,703,2461,4173,0.242,0.168,0.59,0.275,738645
Uttar Pradesh,Prayagraj,493,643,711,1847,0.267,0.348,0.385,0.298,738645
Rajasthan,Udaipur,1000,1302,1751,4053,0.247,0.321,0.432,0.313,738590
Karnataka,Mysuru,64,75,815,954,0.067,0.079,0.854,0.144,738590
Bihar,Bhagalpur,2652,1496,338,4486,0.591,0.333,0.075,0.484,738572
Maharashtra,Nashik,961,941,1936,3838,0.25,0.245,0.504,0.319,738590
Uttar Pradesh,Varanasi,2375,815,1175,4365,0.544,0.187,0.269,0.411,738572
Madhya Pradesh,Jabalpur,42,943,2345,3330,0.013,0.283,0.704,0.139,738554
Madhya Pradesh,Indore,890,426,1595,2911,0.306,0.146,0.548,0.277,738518
Maharashtra,Nagpur,274,33,333,640,0.428,0.052,0.52,0.332,738554
Rajasthan,Jaipur,493,26,353,872,0.565,0.03,0.405,0.39,738554
Karnataka,Mangaluru,1,588,1592,2181,0.0,0.27,0.73,0.17,738663
Tamil Nadu,Coimbatore,1286,1374,2285,4945,0.26,0.278,0.462,0.292,738645
Madhya Pradesh,Gwalior,297,35,612,944,0.315,0.037,0.648,0.273,738627
Tamil Nadu,Trichy,1195,375,728,2298,0.52,0.163,0.317,0.373,738590
West Bengal,Durgapur,725,219,856,1800,0.403,0.122,0.476,0.327,738590
Uttar Pradesh,Kanpur,120,124,265,509,0.236,0.244,0.521,0.27,738645
Uttar Pradesh,Kanpur,49,663,1104,1816,0.027,0.365,0.608,0.192,738681
Maharashtra,Nashik,145,914,2714,3773,0.038,0.242,0.719,0.151,738700
Bihar,Patna,107,225,650,982,0.109,0.229,0.662,0.243,738500
Uttar Pradesh,Prayagraj,431,292,438,1161,0.371,0.252,0.377,0.36,738500
Karnataka,Hubli,589,76,803,1468,0.401,0.052,0.547,0.343,738663
West Bengal,Kolkata,319,290,660,1269,0.251,0.229,0.52,0.305,738645
Bihar,Gaya,2506,998,1004,4508,0.556,0.221,0.223,0.441,738609
Karnataka,Mangaluru,553,287,901,1741,0.318,0.165,0.518,0.284,738536
Karnataka,Bengaluru,135,96,341,572,0.236,0.168,0.596,0.248,738500
Maharashtra,Pune,707,560,2279,3546,0.199,0.158,0.643,0.241,738645
Tamil Nadu,Madurai,1253,66,2004,3323,0.377,0.02,0.603,0.312,738572
Rajasthan,Kota,325,129,387,841,0.386,0.153,0.46,0.357,738663
Rajasthan,Kota,441,35,685,1161,0.38,0.03,0.59,0.304,738627
West Bengal,Kolkata,207,617,4082,4906,0.042,0.126,0.832,0.144,738645
Karnataka,Mangaluru,979,514,938,2431,0.403,0.211,0.386,0.326,738500
Karnataka,Mysuru,2674,1127,1142,4943,0.541,0.228,0.231,0.401,738609
Rajasthan,Jaipur,2453,977,1107,4537,0.541,0.215,0.244,0.429,738554
Karnataka,Hubli,783,459,270,1512,0.518,0.304,0.179,0.434,738500
Rajasthan,Kota,360,340,1401,2101,0.171,0.162,0.667,0.237,738500
Bihar,Bhagalpur,834,310,1852,2996,0.278,0.103,0.618,0.269,738645
Madhya Pradesh,Indore,11,238,494,743,0.015,0.32,0.665,0.161,738700
Uttar Pradesh,Kanpur,428,290,375,1093,0.392,0.265,0.343,0.356,738590
Rajasthan,Jodhpur,947,1549,1923,4419,0.214,0.351,0.435,0.317,738536
Uttar Pradesh,Prayagraj,1811,1791,1123,4725,0.383,0.379,0.238,0.37,738536
West Bengal,Howrah,94,1805,2860,4759,0.02,0.379,0.601,0.2,738500
Uttar Pradesh,Prayagraj,1960,901,585,3446,0.569,0.261,0.17,0.429,738554
Karnataka,Bengaluru,536,78,849,1463,0.366,0.053,0.58,0.274,738518
Tamil Nadu,Chennai,91,1676,2956,4723,0.019,0.355,0.626,0.195,738700
Karnataka,Bengaluru,1083,662,3104,4849,0.223,0.137,0.64,0.23,738681
Maharashtra,Nagpur,777,344,1332,2453,0.317,0.14,0.543,0.289,738536
Uttar Pradesh,Varanasi,1352,1179,2213,4744,0.285,0.249,0.466,0.285,738645
Rajasthan,Jodhpur,259,259,381,899,0.288,0.288,0.424,0.271,738536
Tamil Nadu,Trichy,1508,767,1527,3802,0.397,0.202,0.402,0.357,738700
West Bengal,Durgapur,981,454,1204,2639,0.372,0.172,0.456,0.338,738609
Rajasthan,Udaipur,741,660,1392,2793,0.265,0.236,0.498,0.295,738518
Bihar,Bhagalpur,64,12,1324,1400,0.046,0.009,0.946,0.124,738663
Maharashtra,Mumbai,702,307,1933,2942,0.239,0.104,0.657,0.252,738700
Karnataka,Hubli,1731,545,781,3057,0.566,0.178,0.255,0.442,738572
Karnataka,Hubli,1459,1445,1400,4304,0.339,0.336,0.325,0.319,738645
Bihar,Patna,624,104,2216,2944,0.212,0.035,0.753,0.219,738663
Uttar Pradesh,Lucknow,559,28,484,1071,0.522,0.026,0.452,0.352,738518
Uttar Pradesh,Kanpur,2279,788,1330,4397,0.518,0.179,0.302,0.395,738518
Karnataka,Hubli,944,78,1725,2747,0.344,0.028,0.628,0.304,738590
Uttar Pradesh,Agra,172,466,717,1355,0.127,0.344,0.529,0.22,738609
Karnataka,Bengaluru,407,1506,2043,3956,0.103,0.381,0.516,0.226,738609
Karnataka,Bengaluru,276,231,140,647,0.427,0.357,0.216,0.358,738572
Maharashtra,Nashik,539,562,1945,3046,0.177,0.185,0.639,0.206,738536
Maharashtra,Pune,349,501,422,1272,0.274,0.394,0.332,0.3,738572
Rajasthan,Udaipur,359,328,1059,1746,0.206,0.188,0.607,0.258,738700
Bihar,Bhagalpur,560,381,521,1462,0.383,0.261,0.356,0.339,738518
Uttar Pradesh,Kanpur,2814,369,1602,4785,0.588,0.077,0.335,0.407,738609
Bihar,Patna,487,257,407,1151,0.423,0.223,0.354,0.385,738554
Madhya Pradesh,Jabalpur,521,270,231,1022,0.51,0.264,0.226,0.444,738700
Uttar Pradesh,Kanpur,1688,487,2365,4540,0.372,0.107,0.521,0.273,738609
Uttar Pradesh,Kanpur,2461,1748,374,4583,0.537,0.381,0.082,0.406,738590
Tamil Nadu,Trichy,112,375,698,1185,0.095,0.316,0.589,0.225,738536
Tamil Nadu,Chennai,1420,1021,255,2696,0.527,0.379,0.095,0.432,738518
West Bengal,Howrah,359,237,205,801,0.448,0.296,0.256,0.397,738627
Maharashtra,Nashik,234,344,583,1161,0.202,0.296,0.502,0.284,738590
Rajasthan,Kota,462,435,3911,4808,0.096,0.09,0.813,0.156,738518
Maharashtra,Nagpur,277,170,513,960,0.289,0.177,0.534,0.291,738627
West Bengal,Kolkata,514,702,2027,3243,0.158,0.216,0.625,0.226,738500
Uttar Pradesh,Prayagraj,185,143,533,861,0.215,0.166,0.619,0.224,738627
Karnataka,Bengaluru,514,448,822,1784,0.288,0.251,0.461,0.277,738700
Karnataka,Mysuru,1428,301,2333,4062,0.352,0.074,0.574,0.278,738518
Madhya Pradesh,Gwalior,2159,1036,442,3637,0.594,0.285,0.122,0.487,738681
Bihar,Gaya,1035,208,1870,3113,0.332,0.067,0.601,0.332,738663
Rajasthan,Jodhpur,1778,1014,1197,3989,0.446,0.254,0.3,0.378,738645
Bihar,Muzaffarpur,905,535,103,1543,0.587,0.347,0.067,0.396,738554
Rajasthan,Udaipur,821,870,637,2328,0.353,0.374,0.274,0.374,738663
Tamil Nadu,Chennai,515,1244,1371,3130,0.165,0.397,0.438,0.25,738609
Rajasthan,Udaipur,2745,1078,1108,4931,0.557,0.219,0.225,0.417,738627
Karnataka,Mysuru,59,914,2786,3759,0.016,0.243,0.741,0.159,738518
Uttar Pradesh,Varanasi,108,75,980,1163,0.093,0.064,0.843,0.173,738590
Madhya Pradesh,Jabalpur,349,182,400,931,0.375,0.195,0.43,0.346,738536
Uttar Pradesh,Lucknow,627,112,591,1330,0.471,0.084,0.444,0.383,738518
Maharashtra,Mumbai,160,400,1776,2336,0.068,0.171,0.76,0.181,738700
Rajasthan,Kota,398,709,1403,2510,0.159,0.282,0.559,0.242,738554
Bihar,Gaya,1885,253,2058,4196,0.449,0.06,0.49,0.309,738536
Rajasthan,Jaipur,1900,562,1958,4420,0.43,0.127,0.443,0.361,738590
West Bengal,Asansol,48,916,1539,2503,0.019,0.366,0.615,0.179,738572
Bihar,Muzaffarpur,1605,637,661,2903,0.553,0.219,0.228,0.42,738572
Uttar Pradesh,Lucknow,808,181,1372,2361,0.342,0.077,0.581,0.322,738554
Rajasthan,Kota,1619,1687,1477,4783,0.338,0.353,0.309,0.333,738700
Karnataka,Mangaluru,1365,902,694,2961,0.461,0.305,0.234,0.391,738663
Maharashtra,Nagpur,119,181,469,769,0.155,0.235,0.61,0.248,738700
Rajasthan,Kota,595,849,775,2219,0.268,0.383,0.349,0.306,738645
Bihar,Bhagalpur,518,69,602,1189,0.436,0.058,0.506,0.334,738645
Madhya Pradesh,Jabalpur,491,141,1317,1949,0.252,0.072,0.676,0.242,738609
Uttar Pradesh,Prayagraj,1753,983,1416,4152,0.422,0.237,0.341,0.333,738663
West Bengal,Asansol,160,177,587,924,0.173,0.192,0.635,0.203,738700
West Bengal,Asansol,288,80,729,1097,0.263,0.073,0.665,0.266,738663
Madhya Pradesh,Indore,965,493,675,2133,0.452,0.231,0.316,0.327,738500
Rajasthan,Jodhpur,1537,21,2530,4088,0.376,0.005,0.619,0.298,738500
Bihar,Muzaffarpur,587,343,3320,4250,0.138,0.081,0.781,0.203,738536
Madhya Pradesh,Jabalpur,242,318,550,1110,0.218,0.286,0.495,0.224,738590
West Bengal,Asansol,877,213,501,1591,0.551,0.134,0.315,0.402,738663
Madhya Pradesh,Jabalpur,627,603,1019,2249,0.279,0.268,0.453,0.325,738627
Uttar Pradesh,Kanpur,1991,1067,1412,4470,0.445,0.239,0.316,0.378,738645
Uttar Pradesh,Kanpur,773,678,1323,2774,0.279,0.244,0.477,0.309,738554
Bihar,Bhagalpur,778,503,3621,4902,0.159,0.103,0.739,0.21,738536
Tamil Nadu,Coimbatore,475,163,2417,3055,0.155,0.053,0.791,0.17,738627
Uttar Pradesh,Kanpur,847,386,2792,4025,0.21,0.096,0.694,0.202,738663
West Bengal,Durgapur,39,485,1874,2398,0.016,0.202,0.781,0.142,738681
Karnataka,Mangaluru,618,100,469,1187,0.521,0.084,0.395,0.369,738572
Tamil Nadu,Coimbatore,543,648,1090,2281,0.238,0.284,0.478,0.276,738590
Karnataka,Bengaluru,669,268,3167,4104,0.163,0.065,0.772,0.223,738609
Bihar,Muzaffarpur,505,570,550,1625,0.311,0.351,0.338,0.349,738700
Uttar Pradesh,Agra,226,700,2643,3569,0.063,0.196,0.741,0.223,738518
Tamil Nadu,Chennai,645,210,1040,1895,0.34,0.111,0.549,0.298,738645
Uttar Pradesh,Prayagraj,587,475,592,1654,0.355,0.287,0.358,0.35,738627
Rajasthan,Jodhpur,1241,189,2901,4331,0.287,0.044,0.67,0.24,738572
Bihar,Patna,1337,1098,2498,4933,0.271,0.223,0.506,0.313,738536
Uttar Pradesh,Lucknow,861,782,531,2174,0.396,0.36,0.244,0.36,738572
Maharashtra,Nashik,46,200,409,655,0.07,0.305,0.624,0.202,738627
Tamil Nadu,Trichy,854,639,2837,4330,0.197,0.148,0.655,0.256,738500
Uttar Pradesh,Prayagraj,948,301,587,1836,0.516,0.164,0.32,0.411,738536
Tamil Nadu,Coimbatore,400,38,521,959,0.417,0.04,0.543,0.322,738554
Rajasthan,Udaipur,1466,887,601,2954,0.496,0.3,0.203,0.423,738681
Rajasthan,Jodhpur,701,506,132,1339,0.524,0.378,0.099,0.427,738554
Karnataka,Mysuru,661,82,1507,2250,0.294,0.036,0.67,0.252,738663
Rajasthan,Udaipur,283,172,1494,1949,0.145,0.088,0.767,0.208,738536
Tamil Nadu,Madurai,1143,933,2917,4993,0.229,0.187,0.584,0.241,738554
West Bengal,Kolkata,285,264,2463,3012,0.095,0.088,0.818,0.164,738554
Uttar Pradesh,Varanasi,1000,333,929,2262,0.442,0.147,0.411,0.344,738572
Rajasthan,Jaipur,263,1,303,567,0.464,0.002,0.534,0.351,738554
Uttar Pradesh,Prayagraj,1693,267,1019,2979,0.568,0.09,0.342,0.436,738500
Maharashtra,Nagpur,660,324,1008,1992,0.331,0.163,0.506,0.282,738518
Tamil Nadu,Chennai,1224,444,876,2544,0.481,0.175,0.344,0.361,738572
Uttar Pradesh,Agra,481,479,516,1476,0.326,0.325,0.35,0.341,738536
Madhya Pradesh,Jabalpur,2221,558,1380,4159,0.534,0.134,0.332,0.448,738700
Madhya Pradesh,Bhopal,819,604,1150,2573,0.318,0.235,0.447,0.335,738536
Maharashtra,Nashik,347,539,1092,1978,0.175,0.272,0.552,0.237,738609
Tamil Nadu,Coimbatore,491,193,394,1078,0.455,0.179,0.365,0.359,738700
Uttar Pradesh,Lucknow,933,261,416,1610,0.58,0.162,0.258,0.387,738627
Rajasthan,Jaipur,572,779,1085,2436,0.235,0.32,0.445,0.297,738518
Maharashtra,Nashik,752,866,1022,2640,0.285,0.328,0.387,0.312,738663
Karnataka,Mysuru,748,688,519,1955,0.383,0.352,0.265,0.358,738536
Rajasthan,Jaipur,891,864,3244,4999,0.178,0.173,0.649,0.224,738627
Bihar,Bhagalpur,1968,703,1657,4328,0.455,0.162,0.383,0.322,738572
Rajasthan,Jaipur,788,182,385,1355,0.582,0.134,0.284,0.42,738645
Uttar Pradesh,Prayagraj,906,332,779,2017,0.449,0.165,0.386,0.387,738681
Karnataka,Mangaluru,267,444,921,1632,0.164,0.272,0.564,0.222,738572
Karnataka,Bengaluru,249,452,786,1487,0.167,0.304,0.529,0.247,738663
Bihar,Gaya,672,419,398,1489,0.451,0.281,0.267,0.37,738518
Bihar,Patna,411,83,1780,2274,0.181,0.036,0.783,0.194,738536
Maharashtra,Nagpur,1793,958,1755,4506,0.398,0.213,0.389,0.359,738645
West Bengal,Kolkata,1289,909,799,2997,0.43,0.303,0.267,0.39,738663
Uttar Pradesh,Agra,628,386,2641,3655,0.172,0.106,0.723,0.212,738536
Karnataka,Mysuru,267,418,3823,4508,0.059,0.093,0.848,0.131,738627
Madhya Pradesh,Indore,573,48,1115,1736,0.33,0.028,0.642,0.269,738572
Madhya Pradesh,Gwalior,276,437,1218,1931,0.143,0.226,0.631,0.211,738645
West Bengal,Durgapur,2021,1657,842,4520,0.447,0.367,0.186,0.419,738645
Rajasthan,Kota,194,155,2040,2389,0.081,0.065,0.854,0.183,738700
Madhya Pradesh,Jabalpur,1141,611,789,2541,0.449,0.24,0.311,0.382,738681
Tamil Nadu,Chennai,6,1219,2636,3861,0.002,0.316,0.683,0.161,738627
Bihar,Muzaffarpur,1442,426,643,2511,0.574,0.17,0.256,0.43,738518
Madhya Pradesh,Gwalior,2442,816,1463,4721,0.517,0.173,0.31,0.418,738681
Karnataka,Mangaluru,387,433,734,1554,0.249,0.279,0.472,0.282,738590
West Bengal,Howrah,442,74,3399,3915,0.113,0.019,0.868,0.125,738627
Rajasthan,Udaipur,2532,121,1856,4509,0.562,0.027,0.412,0.357,738572
West Bengal,Kolkata,356,34,233,623,0.571,0.055,0.374,0.401,738663
Tamil Nadu,Chennai,76,58,1162,1296,0.059,0.045,0.897,0.156,738500
Madhya Pradesh,Indore,108,735,1593,2436,0.044,0.302,0.654,0.193,738554
West Bengal,Kolkata,673,364,1395,2432,0.277,0.15,0.574,0.228,738500
Rajasthan,Jaipur,946,898,1046,2890,0.327,0.311,0.362,0.305,738681
Maharashtra,Pune,429,20,391,840,0.511,0.024,0.465,0.343,738500
Tamil Nadu,Madurai,482,110,1430,2022,0.238,0.054,0.707,0.22,738609
West Bengal,Kolkata,2151,1237,947,4335,0.496,0.285,0.218,0.416,738536
Uttar Pradesh,Kanpur,998,1876,1886,4760,0.21,0.394,0.396,0.285,738536
West Bengal,Asansol,2046,63,2121,4230,0.484,0.015,0.501,0.343,738590
Maharashtra,Mumbai,309,172,285,766,0.403,0.225,0.372,0.336,738518
Rajasthan,Udaipur,516,183,276,975,0.529,0.188,0.283,0.401,738609
Tamil Nadu,Chennai,146,303,933,1382,0.106,0.219,0.675,0.201,738663
Rajasthan,Udaipur,1239,406,465,2110,0.587,0.192,0.22,0.425,738609
Madhya Pradesh,Gwalior,498,973,1837,3308,0.151,0.294,0.555,0.19,738681
Madhya Pradesh,Gwalior,364,162,876,1402,0.26,0.116,0.625,0.219,738554
Karnataka,Hubli,115,940,1308,2363,0.049,0.398,0.554,0.227,738645
Karnataka,Mangaluru,836,1036,1118,2990,0.28,0.346,0.374,0.305,738536
Madhya Pradesh,Indore,1137,479,1651,3267,0.348,0.147,0.505,0.305,738609
Karnataka,Mysuru,1227,193,1079,2499,0.491,0.077,0.432,0.383,738572
Uttar Pradesh,Varanasi,56,302,1451,1809,0.031,0.167,0.802,0.173,738627
Madhya Pradesh,Bhopal,1151,200,1384,2735,0.421,0.073,0.506,0.296,738627
Madhya Pradesh,Bhopal,702,801,1238,2741,0.256,0.292,0.452,0.283,738554
Rajasthan,Udaipur,354,583,661,1598,0.222,0.365,0.414,0.269,738590
Maharashtra,Pune,2015,1313,1216,4544,0.443,0.289,0.268,0.387,738700
Uttar Pradesh,Kanpur,1036,183,778,1997,0.519,0.092,0.39,0.394,738663
Madhya Pradesh,Gwalior,1474,903,465,2842,0.519,0.318,0.164,0.407,738700
Madhya Pradesh,Gwalior,1254,320,1706,3280,0.382,0.098,0.52,0.301,738590
Uttar Pradesh,Lucknow,1556,1076,696,3328,0.468,0.323,0.209,0.428,738572
Madhya Pradesh,Bhopal,659,159,1271,2089,0.315,0.076,0.608,0.263,738609
Bihar,Gaya,52,407,1052,1511,0.034,0.269,0.696,0.182,738518
Tamil Nadu,Chennai,630,289,616,1535,0.41,0.188,0.401,0.308,738681
Bihar,Muzaffarpur,1017,153,594,1764,0.577,0.087,0.337,0.419,738518
Uttar Pradesh,Kanpur,324,939,1674,2937,0.11,0.32,0.57,0.251,738627
Uttar Pradesh,Prayagraj,1642,136,1346,3124,0.526,0.044,0.431,0.362,738700
Tamil Nadu,Coimbatore,1106,176,1406,2688,0.411,0.065,0.523,0.336,738536
Rajasthan,Kota,470,217,3305,3992,0.118,0.054,0.828,0.185,738627
Uttar Pradesh,Kanpur,234,1036,3026,4296,0.054,0.241,0.704,0.178,738609
West Bengal,Kolkata,451,280,291,1022,0.441,0.274,0.285,0.363,738627
Maharashtra,Nagpur,809,100,907,1816,0.445,0.055,0.499,0.327,738700
Rajasthan,Kota,1023,226,1838,3087,0.331,0.073,0.595,0.27,738609
Uttar Pradesh,Prayagraj,396,1123,1769,3288,0.12,0.342,0.538,0.226,738518
Madhya Pradesh,Indore,1482,1845,1597,4924,0.301,0.375,0.324,0.32,738645
West Bengal,Durgapur,1751,775,1950,4476,0.391,0.173,0.436,0.338,738518
Madhya Pradesh,Jabalpur,148,539,752,1439,0.103,0.375,0.523,0.208,738518
Tamil Nadu,Chennai,226,12,496,734,0.308,0.016,0.676,0.27,738700
Uttar Pradesh,Lucknow,564,52,1985,2601,0.217,0.02,0.763,0.191,738590
Rajasthan,Kota,867,397,1241,2505,0.346,0.158,0.495,0.321,738518
Bihar,Bhagalpur,110,101,675,886,0.124,0.114,0.762,0.233,738645
Karnataka,Bengaluru,377,187,675,1239,0.304,0.151,0.545,0.298,738681
Bihar,Gaya,118,1179,3126,4423,0.027,0.267,0.707,0.149,738500
Tamil Nadu,Coimbatore,1705,1722,939,4366,0.391,0.394,0.215,0.36,738700
Madhya Pradesh,Indore,1157,390,650,2197,0.527,0.178,0.296,0.401,738645
Tamil Nadu,Chennai,554,372,293,1219,0.454,0.305,0.24,0.419,738700
Tamil Nadu,Chennai,456,159,4287,4902,0.093,0.032,0.875,0.156,738609
Uttar Pradesh,Prayagraj,615,194,334,1143,0.538,0.17,0.292,0.408,738590
West Bengal,Kolkata,1102,1147,1527,3776,0.292,0.304,0.404,0.293,738518
Bihar,Muzaffarpur,644,311,175,1130,0.57,0.275,0.155,0.439,738645
Karnataka,Mangaluru,277,232,3393,3902,0.071,0.059,0.87,0.161,738518
Madhya Pradesh,Indore,24,137,364,525,0.046,0.261,0.693,0.158,738645
Maharashtra,Mumbai,455,359,146,960,0.474,0.374,0.152,0.434,738536
Madhya Pradesh,Jabalpur,187,56,472,715,0.262,0.078,0.66,0.257,738590
Madhya Pradesh,Gwalior,1776,4,2033,3813,0.466,0.001,0.533,0.302,738645
Karnataka,Mysuru,1946,14,1533,3493,0.557,0.004,0.439,0.379,738500
Karnataka,Bengaluru,1413,597,990,3000,0.471,0.199,0.33,0.381,738663
Rajasthan,Jaipur,519,427,670,1616,0.321,0.264,0.415,0.345,738536
West Bengal,Durgapur,2097,862,773,3732,0.562,0.231,0.207,0.428,738700
Maharashtra,Mumbai,153,389,827,1369,0.112,0.284,0.604,0.219,738645
Tamil Nadu,Trichy,570,124,602,1296,0.44,0.096,0.465,0.348,738536
Madhya Pradesh,Jabalpur,93,64,350,507,0.183,0.126,0.69,0.217,738663
Maharashtra,Nagpur,2801,1877,104,4782,0.586,0.393,0.022,0.477,738500
West Bengal,Howrah,1179,254,703,2136,0.552,0.119,0.329,0.421,738554
Maharashtra,Mumbai,871,321,1525,2717,0.321,0.118,0.561,0.312,738627
Rajasthan,Jaipur,348,1196,1892,3436,0.101,0.348,0.551,0.222,738681
Bihar,Muzaffarpur,666,545,750,1961,0.34,0.278,0.382,0.312,738645
Tamil Nadu,Trichy,717,16,1396,2129,0.337,0.008,0.656,0.296,738572
Bihar,Patna,692,90,1721,2503,0.276,0.036,0.688,0.268,738554
Uttar Pradesh,Kanpur,1289,314,2596,4199,0.307,0.075,0.618,0.263,738663
Maharashtra,Mumbai,1216,400,797,2413,0.504,0.166,0.33,0.394,738645
Uttar Pradesh,Prayagraj,946,660,1765,3371,0.281,0.196,0.524,0.262,738554
Maharashtra,Nashik,2450,1132,872,4454,0.55,0.254,0.196,0.441,738663
Madhya Pradesh,Indore,790,873,1016,2679,0.295,0.326,0.379,0.307,738627
Tamil Nadu,Madurai,1132,220,1823,3175,0.357,0.069,0.574,0.275,738518
Karnataka,Hubli,474,835,2756,4065,0.117,0.205,0.678,0.179,738700
Bihar,Bhagalpur,706,39,2223,2968,0.238,0.013,0.749,0.209,738536
Tamil Nadu,Madurai,470,627,1883,2980,0.158,0.21,0.632,0.245,738518
Madhya Pradesh,Bhopal,180,168,405,753,0.239,0.223,0.538,0.251,738572
Bihar,Muzaffarpur,211,383,3062,3656,0.058,0.105,0.838,0.15,738609
Maharashtra,Pune,843,1061,2655,4559,0.185,0.233,0.582,0.255,738554
Uttar Pradesh,Prayagraj,305,541,1503,2349,0.13,0.23,0.64,0.238,738609
Rajasthan,Jaipur,410,205,1020,1635,0.251,0.125,0.624,0.243,738645
Madhya Pradesh,Indore,1045,212,2865,4122,0.254,0.051,0.695,0.221,738554
Rajasthan,Jaipur,58,286,427,771,0.075,0.371,0.554,0.214,738627
Uttar Pradesh,Varanasi,504,784,1985,3273,0.154,0.24,0.606,0.19,738663
Tamil Nadu,Trichy,122,101,429,652,0.187,0.155,0.658,0.239,738554
Maharashtra,Nashik,894,1111,1031,3036,0.294,0.366,0.34,0.34,738500
Bihar,Muzaffarpur,1221,0,1193,2414,0.506,0.0,0.494,0.345,738609
Bihar,Bhagalpur,72,1164,1788,3024,0.024,0.385,0.591,0.208,738645
Rajasthan,Jodhpur,244,514,1073,1831,0.133,0.281,0.586,0.229,738554
Karnataka,Hubli,64,1872,2851,4787,0.013,0.391,0.596,0.176,738609
Maharashtra,Pune,863,127,1077,2067,0.418,0.061,0.521,0.313,738554
Rajasthan,Jodhpur,673,700,420,1793,0.375,0.39,0.234,0.372,738500
Madhya Pradesh,Jabalpur,901,888,2097,3886,0.232,0.229,0.54,0.307,738627
West Bengal,Kolkata,389,999,2519,3907,0.1,0.256,0.645,0.239,738572
West Bengal,Asansol,591,378,189,1158,0.51,0.326,0.163,0.424,738536
Madhya Pradesh,Jabalpur,1537,1399,786,3722,0.413,0.376,0.211,0.386,738700
Rajasthan,Udaipur,839,518,3211,4568,0.184,0.113,0.703,0.223,738645
Bihar,Muzaffarpur,1233,499,2018,3750,0.329,0.133,0.538,0.287,738609
Karnataka,Mangaluru,11,125,476,612,0.018,0.204,0.778,0.125,738700
Tamil Nadu,Chennai,516,568,2584,3668,0.141,0.155,0.704,0.193,738590
Tamil Nadu,Coimbatore,58,32,1297,1387,0.042,0.023,0.935,0.115,738572
Maharashtra,Pune,558,678,737,1973,0.283,0.344,0.374,0.276,738572
Tamil Nadu,Chennai,2438,1614,213,4265,0.572,0.378,0.05,0.467,738554
Karnataka,Mysuru,360,568,2333,3261,0.11,0.174,0.715,0.183,738627
Karnataka,Mysuru,517,680,1672,2869,0.18,0.237,0.583,0.255,738663
Uttar Pradesh,Lucknow,777,97,2901,3775,0.206,0.026,0.768,0.229,738681
Uttar Pradesh,Varanasi,165,21,2947,3133,0.053,0.007,0.941,0.133,738518
Maharashtra,Mumbai,949,147,2004,3100,0.306,0.047,0.646,0.241,738590
Tamil Nadu,Madurai,2414,1437,203,4054,0.595,0.354,0.05,0.496,738554
Rajasthan,Udaipur,72,480,3797,4349,0.017,0.11,0.873,0.149,738681
Karnataka,Mangaluru,1082,507,3106,4695,0.23,0.108,0.662,0.234,738590
West Bengal,Durgapur,559,916,2019,3494,0.16,0.262,0.578,0.212,738681
Maharashtra,Nashik,609,413,2393,3415,0.178,0.121,0.701,0.196,738590
Uttar Pradesh,Prayagraj,136,163,1017,1316,0.103,0.124,0.773,0.21,738554
Maharashtra,Mumbai,2093,617,1281,3991,0.524,0.155,0.321,0.377,738663
Rajasthan,Jaipur,53,177,639,869,0.061,0.204,0.735,0.185,738663
Maharashtra,Nashik,366,270,1228,1864,0.196,0.145,0.659,0.228,738681
Maharashtra,Pune,784,42,533,1359,0.577,0.031,0.392,0.422,738536
Uttar Pradesh,Lucknow,2259,1516,742,4517,0.5,0.336,0.164,0.424,738663
Madhya Pradesh,Jabalpur,2346,943,1375,4664,0.503,0.202,0.295,0.403,738500
Bihar,Muzaffarpur,317,57,186,560,0.566,0.102,0.332,0.435,738681
Rajasthan,Kota,638,274,1261,2173,0.294,0.126,0.58,0.305,738609
Tamil Nadu,Madurai,2434,869,954,4257,0.572,0.204,0.224,0.444,738627
Rajasthan,Kota,489,208,296,993,0.492,0.209,0.298,0.406,738536
Uttar Pradesh,Prayagraj,368,283,143,794,0.463,0.356,0.18,0.423,738590
Maharashtra,Nashik,679,419,1443,2541,0.267,0.165,0.568,0.262,738590
Bihar,Muzaffarpur,91,529,1238,1858,0.049,0.285,0.666,0.17,738681
Maharashtra,Pune,134,1596,3121,4851,0.028,0.329,0.643,0.197,738645
Maharashtra,Pune,822,1026,1930,3778,0.218,0.272,0.511,0.298,738627
Uttar Pradesh,Prayagraj,713,859,960,2532,0.282,0.339,0.379,0.288,738572
West Bengal,Howrah,302,802,2064,3168,0.095,0.253,0.652,0.196,738609
Bihar,Bhagalpur,60,51,665,776,0.077,0.066,0.857,0.167,738645
Karnataka,Bengaluru,566,621,1904,3091,0.183,0.201,0.616,0.233,738609
Madhya Pradesh,Jabalpur,828,136,772,1736,0.477,0.078,0.445,0.31,738500
Rajasthan,Udaipur,424,117,620,1161,0.365,0.101,0.534,0.308,738536
Tamil Nadu,Madurai,1308,1262,872,3442,0.38,0.367,0.253,0.368,738536
West Bengal,Durgapur,1068,400,679,2147,0.497,0.186,0.316,0.398,738554
West Bengal,Howrah,1629,661,1299,3589,0.454,0.184,0.362,0.372,738700
Rajasthan,Jaipur,114,161,723,998,0.114,0.161,0.724,0.238,738500
Rajasthan,Udaipur,146,117,3867,4130,0.035,0.028,0.936,0.132,738609
Madhya Pradesh,Indore,1532,136,1242,2910,0.526,0.047,0.427,0.341,738700
Maharashtra,Nagpur,353,140,455,948,0.372,0.148,0.48,0.278,738663
Rajasthan,Jaipur,238,204,4246,4688,0.051,0.044,0.906,0.133,738518
West Bengal,Kolkata,855,16,2316,3187,0.268,0.005,0.727,0.274,738609
Madhya Pradesh,Bhopal,1030,1337,2533,4900,0.21,0.273,0.517,0.206,738572
Uttar Pradesh,Lucknow,252,206,292,750,0.336,0.275,0.389,0.328,738681
West Bengal,Kolkata,793,1167,1003,2963,0.268,0.394,0.339,0.337,738681
Uttar Pradesh,Lucknow,946,629,312,1887,0.501,0.333,0.165,0.42,738536
Uttar Pradesh,Prayagraj,428,270,460,1158,0.37,0.233,0.397,0.315,738536
Rajasthan,Jaipur,383,559,2040,2982,0.128,0.187,0.684,0.2,738627
Bihar,Muzaffarpur,517,715,1849,3081,0.168,0.232,0.6,0.242,738627
Madhya Pradesh,Jabalpur,1072,684,1616,3372,0.318,0.203,0.479,0.285,738554
Bihar,Gaya,531,220,2131,2882,0.184,0.076,0.739,0.17,738590
Maharashtra,Nagpur,319,39,347,705,0.452,0.055,0.492,0.35,738590
Maharashtra,Nagpur,1145,618,1627,3390,0.338,0.182,0.48,0.302,738554
Bihar,Gaya,123,316,731,1170,0.105,0.27,0.625,0.22,738500
Karnataka,Hubli,1159,200,1096,2455,0.472,0.081,0.446,0.38,738645
West Bengal,Howrah,484,210,1309,2003,0.242,0.105,0.654,0.25,738609
Karnataka,Mangaluru,1288,894,1481,3663,0.352,0.244,0.404,0.331,738681
Uttar Pradesh,Varanasi,489,484,330,1303,0.375,0.371,0.253,0.371,738572
West Bengal,Howrah,1705,1292,394,3391,0.503,0.381,0.116,0.412,738663
Karnataka,Hubli,385,299,770,1454,0.265,0.206,0.53,0.304,738645
Maharashtra,Nagpur,2561,1201,539,4301,0.595,0.279,0.125,0.477,738500
Bihar,Gaya,61,293,529,883,0.069,0.332,0.599,0.192,738500
Uttar Pradesh,Varanasi,2108,1152,1274,4534,0.465,0.254,0.281,0.409,738590
West Bengal,Howrah,1609,998,808,3415,0.471,0.292,0.237,0.396,738681
West Bengal,Durgapur,886,837,591,2314,0.383,0.362,0.255,0.377,738554
Tamil Nadu,Trichy,768,1700,2519,4987,0.154,0.341,0.505,0.259,738500
Madhya Pradesh,Indore,590,4,513,1107,0.533,0.004,0.463,0.387,738590
Karnataka,Mysuru,365,454,1784,2603,0.14,0.174,0.685,0.212,738645
Karnataka,Bengaluru,1205,892,781,2878,0.419,0.31,0.271,0.386,738590
Bihar,Bhagalpur,2300,780,1866,4946,0.465,0.158,0.377,0.376,738681
Uttar Pradesh,Varanasi,1722,916,368,3006,0.573,0.305,0.122,0.454,738554
Madhya Pradesh,Jabalpur,597,165,2588,3350,0.178,0.049,0.773,0.228,738572
Madhya Pradesh,Indore,355,159,99,613,0.579,0.259,0.162,0.442,738627
Bihar,Bhagalpur,2185,338,1173,3696,0.591,0.091,0.317,0.392,738536
Uttar Pradesh,Agra,1473,73,1684,3230,0.456,0.023,0.521,0.337,738536
Karnataka,Hubli,621,182,347,1150,0.54,0.158,0.302,0.38,738609
Tamil Nadu,Chennai,1684,779,1671,4134,0.407,0.188,0.404,0.364,738681
Bihar,Muzaffarpur,714,287,536,1537,0.465,0.187,0.349,0.369,738590
Maharashtra,Mumbai,1590,693,1443,3726,0.427,0.186,0.387,0.362,738518
West Bengal,Asansol,1448,570,1896,3914,0.37,0.146,0.484,0.311,738572
Madhya Pradesh,Bhopal,917,832,1256,3005,0.305,0.277,0.418,0.333,738645
Madhya Pradesh,Jabalpur,942,720,587,2249,0.419,0.32,0.261,0.407,738700
West Bengal,Howrah,433,1135,2407,3975,0.109,0.286,0.606,0.172,738518
Tamil Nadu,Coimbatore,1179,1207,804,3190,0.37,0.378,0.252,0.319,738590
Bihar,Gaya,741,437,126,1304,0.568,0.335,0.097,0.486,738518
Karnataka,Hubli,925,1744,2222,4891,0.189,0.357,0.454,0.297,738590
Karnataka,Mangaluru,829,518,94,1441,0.575,0.359,0.065,0.468,738554
Karnataka,Mangaluru,1534,1096,1197,3827,0.401,0.286,0.313,0.358,738681
Maharashtra,Nagpur,1257,464,607,2328,0.54,0.199,0.261,0.416,738554
Karnataka,Hubli,2413,275,1617,4305,0.561,0.064,0.376,0.395,738572
Tamil Nadu,Madurai,924,493,2939,4356,0.212,0.113,0.675,0.215,738572
Tamil Nadu,Coimbatore,275,49,938,1262,0.218,0.039,0.743,0.213,738518
Rajasthan,Kota,2040,583,1032,3655,0.558,0.16,0.282,0.377,738663
Karnataka,Hubli,567,59,735,1361,0.417,0.043,0.54,0.308,738627
Bihar,Bhagalpur,12,35,1089,1136,0.011,0.031,0.959,0.123,738700
Madhya Pradesh,Indore,1399,789,742,2930,0.477,0.269,0.253,0.381,738590
Bihar,Bhagalpur,2011,1325,1270,4606,0.437,0.288,0.276,0.369,738609
Rajasthan,Jodhpur,1943,1378,378,3699,0.525,0.373,0.102,0.443,738627
Tamil Nadu,Trichy,990,824,1902,3716,0.266,0.222,0.512,0.258,738700
Bihar,Patna,529,370,288,1187,0.446,0.312,0.243,0.405,738590
Tamil Nadu,Trichy,1294,830,529,2653,0.488,0.313,0.199,0.41,738500
Karnataka,Bengaluru,1105,844,2353,4302,0.257,0.196,0.547,0.247,738627
Karnataka,Bengaluru,1234,443,1932,3609,0.342,0.123,0.535,0.315,738700
Bihar,Muzaffarpur,186,344,1800,2330,0.08,0.148,0.773,0.162,738609
Karnataka,Mysuru,876,848,708,2432,0.36,0.349,0.291,0.351,738627
West Bengal,Kolkata,269,606,1506,2381,0.113,0.255,0.633,0.234,738700
Rajasthan,Kota,1095,792,187,2074,0.528,0.382,0.09,0.423,738700
Madhya Pradesh,Indore,52,221,446,719,0.072,0.307,0.62,0.217,738627
Maharashtra,Nashik,719,405,2161,3285,0.219,0.123,0.658,0.262,738536
Madhya Pradesh,Jabalpur,1229,543,781,2553,0.481,0.213,0.306,0.421,738645
Maharashtra,Pune,75,176,947,1198,0.063,0.147,0.79,0.171,738536
West Bengal,Howrah,1150,286,2480,3916,0.294,0.073,0.633,0.294,738554
Rajasthan,Jaipur,382,1429,2247,4058,0.094,0.352,0.554,0.231,738663
Bihar,Gaya,204,272,299,775,0.263,0.351,0.386,0.329,738500
Karnataka,Mysuru,327,1799,2578,4704,0.07,0.382,0.548,0.226,738627
Madhya Pradesh,Indore,510,400,311,1221,0.418,0.328,0.255,0.394,738590
Rajasthan,Udaipur,237,93,1926,2256,0.105,0.041,0.854,0.201,738518
Rajasthan,Jaipur,1490,627,1366,3483,0.428,0.18,0.392,0.344,738609
Madhya Pradesh,Bhopal,1387,478,1396,3261,0.425,0.147,0.428,0.348,738554
Rajasthan,Jaipur,1717,1024,455,3196,0.537,0.32,0.142,0.415,738645
Tamil Nadu,Madurai,1288,139,2864,4291,0.3,0.032,0.667,0.245,738681
Uttar Pradesh,Varanasi,106,231,1507,1844,0.057,0.125,0.817,0.16,738700
Bihar,Gaya,2662,1706,366,4734,0.562,0.36,0.077,0.43,738536
Bihar,Patna,423,1430,2571,4424,0.096,0.323,0.581,0.225,738572
Karnataka,Mysuru,191,309,492,992,0.193,0.311,0.496,0.254,738590
Maharashtra,Nagpur,148,114,1054,1316,0.112,0.087,0.801,0.164,738627
Bihar,Bhagalpur,870,667,837,2374,0.366,0.281,0.353,0.373,738627
Karnataka,Mysuru,1573,1142,1818,4533,0.347,0.252,0.401,0.345,738700
West Bengal,Durgapur,2224,1322,751,4297,0.518,0.308,0.175,0.409,738554
Bihar,Muzaffarpur,1251,1270,1155,3676,0.34,0.345,0.314,0.299,738500
Tamil Nadu,Coimbatore,795,209,874,1878,0.423,0.111,0.465,0.334,738536
Tamil Nadu,Trichy,922,136,3447,4505,0.205,0.03,0.765,0.213,738627
Madhya Pradesh,Jabalpur,1398,653,1807,3858,0.362,0.169,0.468,0.332,738627
Maharashtra,Pune,1096,1305,1148,3549,0.309,0.368,0.323,0.326,738627
Tamil Nadu,Trichy,151,1028,2402,3581,0.042,0.287,0.671,0.175,738627
Uttar Pradesh,Prayagraj,433,851,1614,2898,0.149,0.294,0.557,0.263,738700
Tamil Nadu,Madurai,1711,182,2789,4682,0.365,0.039,0.596,0.288,738554
Bihar,Gaya,984,851,2909,4744,0.207,0.179,0.613,0.221,738536
Uttar Pradesh,Agra,1504,883,157,2544,0.591,0.347,0.062,0.464,738590
Bihar,Gaya,301,24,1149,1474,0.204,0.016,0.78,0.168,738554
West Bengal,Asansol,874,1135,1428,3437,0.254,0.33,0.415,0.275,738645
Maharashtra,Pune,191,551,1444,2186,0.087,0.252,0.661,0.198,738627
Bihar,Gaya,711,502,295,1508,0.471,0.333,0.196,0.419,738645
Bihar,Patna,36,55,719,810,0.044,0.068,0.888,0.121,738572
Maharashtra,Mumbai,584,1594,2254,4432,0.132,0.36,0.509,0.268,738590
Tamil Nadu,Madurai,107,843,1561,2511,0.043,0.336,0.622,0.2,738681
Madhya Pradesh,Indore,605,456,170,1231,0.491,0.37,0.138,0.408,738681
Madhya Pradesh,Jabalpur,896,438,777,2111,0.424,0.207,0.368,0.345,738645
Rajasthan,Kota,384,760,1514,2658,0.144,0.286,0.57,0.192,738572
West Bengal,Durgapur,677,610,3330,4617,0.147,0.132,0.721,0.22,738500
West Bengal,Asansol,1808,528,1922,4258,0.425,0.124,0.451,0.313,738627
Rajasthan,Jaipur,2413,1549,796,4758,0.507,0.326,0.167,0.423,738590
Madhya Pradesh,Jabalpur,268,414,3398,4080,0.066,0.101,0.833,0.161,738590
Rajasthan,Jaipur,216,25,665,906,0.238,0.028,0.734,0.221,738590
Madhya Pradesh,Bhopal,389,709,3005,4103,0.095,0.173,0.732,0.206,738663
Tamil Nadu,Chennai,12,383,1590,1985,0.006,0.193,0.801,0.172,738645
Tamil Nadu,Madurai,418,336,749,1503,0.278,0.224,0.498,0.259,738536
Maharashtra,Nashik,1340,380,871,2591,0.517,0.147,0.336,0.401,738663
Uttar Pradesh,Varanasi,799,825,1278,2902,0.275,0.284,0.44,0.259,738518
Madhya Pradesh,Gwalior,186,189,932,1307,0.142,0.145,0.713,0.206,738554
Tamil Nadu,Chennai,236,193,1378,1807,0.131,0.107,0.763,0.156,738663
Karnataka,Hubli,200,961,1545,2706,0.074,0.355,0.571,0.214,738681
Karnataka,Hubli,370,102,903,1375,0.269,0.074,0.657,0.277,738627
Maharashtra,Pune,657,881,2263,3801,0.173,0.232,0.595,0.261,738663
West Bengal,Kolkata,170,1405,2606,4181,0.041,0.336,0.623,0.192,738609
Rajasthan,Kota,619,1027,1395,3041,0.204,0.338,0.459,0.264,738663
West Bengal,Durgapur,105,145,537,787,0.133,0.184,0.682,0.21,738590
Uttar Pradesh,Prayagraj,1029,623,83,1735,0.593,0.359,0.048,0.436,738663
Karnataka,Hubli,810,1424,1443,3677,0.22,0.387,0.392,0.266,738536
Uttar Pradesh,Lucknow,725,453,1785,2963,0.245,0.153,0.602,0.277,738536
Maharashtra,Pune,2197,758,1596,4551,0.483,0.167,0.351,0.376,738500
Madhya Pradesh,Indore,790,82,468,1340,0.59,0.061,0.349,0.4,738500
West Bengal,Durgapur,1279,29,2123,3431,0.373,0.008,0.619,0.279,738572
Karnataka,Mangaluru,717,489,903,2109,0.34,0.232,0.428,0.323,738645
Uttar Pradesh,Kanpur,1048,333,1079,2460,0.426,0.135,0.439,0.331,738609
Bihar,Bhagalpur,404,213,1503,2120,0.191,0.1,0.709,0.196,738681
West Bengal,Durgapur,1471,893,1928,4292,0.343,0.208,0.449,0.301,738609
Maharashtra,Nashik,482,186,1385,2053,0.235,0.091,0.675,0.233,738500
Bihar,Muzaffarpur,238,303,389,930,0.256,0.326,0.418,0.274,738590
Tamil Nadu,Madurai,590,71,2169,2830,0.208,0.025,0.766,0.238,738590
Madhya Pradesh,Gwalior,574,999,2940,4513,0.127,0.221,0.651,0.204,738609
Maharashtra,Mumbai,1827,980,2164,4971,0.368,0.197,0.435,0.306,738500
Karnataka,Bengaluru,795,629,1927,3351,0.237,0.188,0.575,0.273,738663
Rajasthan,Udaipur,179,123,1292,1594,0.112,0.077,0.811,0.164,738663
West Bengal,Kolkata,227,1454,2801,4482,0.051,0.324,0.625,0.165,738536
Bihar,Patna,1334,1011,229,2574,0.518,0.393,0.089,0.44,738572
West Bengal,Asansol,897,223,567,1687,0.532,0.132,0.336,0.384,738645
Tamil Nadu,Coimbatore,652,829,1100,2581,0.253,0.321,0.426,0.294,738536
Rajasthan,Jaipur,691,931,1459,3081,0.224,0.302,0.474,0.29,738554
Madhya Pradesh,Bhopal,287,387,858,1532,0.187,0.253,0.56,0.251,738554
Bihar,Gaya,637,277,501,1415,0.45,0.196,0.354,0.34,738572
Bihar,Patna,579,489,1614,2682,0.216,0.182,0.602,0.262,738663
Rajasthan,Udaipur,1212,414,1362,2988,0.406,0.139,0.456,0.325,738536
Bihar,Bhagalpur,129,193,1339,1661,0.078,0.116,0.806,0.126,738554
Tamil Nadu,Trichy,15,244,384,643,0.023,0.379,0.597,0.154,738500
Maharashtra,Nagpur,1350,409,792,2551,0.529,0.16,0.31,0.386,738572
Madhya Pradesh,Indore,1744,1248,162,3154,0.553,0.396,0.051,0.428,738700
Madhya Pradesh,Jabalpur,530,409,692,1631,0.325,0.251,0.424,0.312,738572
Maharashtra,Nashik,194,26,291,511,0.38,0.051,0.569,0.333,738518
Karnataka,Mysuru,1119,777,681,2577,0.434,0.302,0.264,0.408,738700
Tamil Nadu,Coimbatore,360,373,611,1344,0.268,0.278,0.455,0.295,738627
Tamil Nadu,Coimbatore,2209,1183,1539,4931,0.448,0.24,0.312,0.352,738681
Bihar,Patna,200,521,1660,2381,0.084,0.219,0.697,0.182,738518
Tamil Nadu,Madurai,1458,1659,1799,4916,0.297,0.337,0.366,0.309,738700
Tamil Nadu,Trichy,568,77,1264,1909,0.298,0.04,0.662,0.282,738590
West Bengal,Asansol,870,279,1523,2672,0.326,0.104,0.57,0.275,738554
West Bengal,Howrah,673,127,1451,2251,0.299,0.056,0.645,0.278,738572
West Bengal,Asansol,1119,940,1217,3276,0.342,0.287,0.371,0.342,738627
Tamil Nadu,Trichy,150,122,422,694,0.216,0.176,0.608,0.227,738518
Madhya Pradesh,Gwalior,911,1004,1028,2943,0.31,0.341,0.349,0.315,738590
Madhya Pradesh,Indore,1823,1550,756,4129,0.442,0.375,0.183,0.4,738609
West Bengal,Durgapur,205,334,576,1115,0.184,0.3,0.517,0.265,738554
Maharashtra,Mumbai,475,82,727,1284,0.37,0.064,0.566,0.324,738572
Madhya Pradesh,Indore,1624,71,1583,3278,0.495,0.022,0.483,0.357,738518
Madhya Pradesh,Bhopal,565,1367,2646,4578,0.123,0.299,0.578,0.206,738554
Karnataka,Hubli,192,57,1832,2081,0.092,0.027,0.88,0.148,738554
West Bengal,Durgapur,851,1349,2296,4496,0.189,0.3,0.511,0.288,738500
Uttar Pradesh,Varanasi,1498,1227,531,3256,0.46,0.377,0.163,0.421,738700
Tamil Nadu,Chennai,1702,242,1700,3644,0.467,0.066,0.467,0.382,738554
West Bengal,Durgapur,1109,1499,1404,4012,0.276,0.374,0.35,0.313,738700
Tamil Nadu,Madurai,1066,210,3149,4425,0.241,0.047,0.712,0.236,738572
Bihar,Muzaffarpur,918,298,333,1549,0.593,0.192,0.215,0.405,738536
West Bengal,Asansol,2799,1574,433,4806,0.582,0.328,0.09,0.456,738645
Madhya Pradesh,Indore,1065,410,1738,3213,0.331,0.128,0.541,0.3,738681
Maharashtra,Pune,1471,901,1474,3846,0.382,0.234,0.383,0.321,738518
Bihar,Muzaffarpur,1466,51,3406,4923,0.298,0.01,0.692,0.229,738500
Rajasthan,Udaipur,266,153,343,762,0.349,0.201,0.45,0.301,738627
Maharashtra,Mumbai,599,719,3323,4641,0.129,0.155,0.716,0.219,738572
Uttar Pradesh,Prayagraj,117,53,710,880,0.133,0.06,0.807,0.203,738645
Maharashtra,Nashik,347,214,304,865,0.401,0.247,0.351,0.327,738500
West Bengal,Durgapur,366,312,568,1246,0.294,0.25,0.456,0.285,738518
Maharashtra,Mumbai,333,797,2199,3329,0.1,0.239,0.661,0.195,738554
Tamil Nadu,Chennai,499,92,1682,2273,0.22,0.04,0.74,0.215,738536
Uttar Pradesh,Varanasi,506,1204,1455,3165,0.16,0.38,0.46,0.277,738590
Karnataka,Mysuru,421,319,265,1005,0.419,0.317,0.264,0.381,738554
Uttar Pradesh,Kanpur,390,495,1079,1964,0.199,0.252,0.549,0.252,738663
West Bengal,Howrah,512,235,425,1172,0.437,0.201,0.363,0.336,738590
Uttar Pradesh,Agra,259,0,742,1001,0.259,0.0,0.741,0.222,738681
Madhya Pradesh,Indore,919,291,3676,4886,0.188,0.06,0.752,0.19,738518
Maharashtra,Nashik,412,15,580,1007,0.409,0.015,0.576,0.309,738645
Maharashtra,Nagpur,420,303,2879,3602,0.117,0.084,0.799,0.169,738681
Uttar Pradesh,Agra,267,221,2167,2655,0.101,0.083,0.816,0.127,738590
Tamil Nadu,Coimbatore,254,454,484,1192,0.213,0.381,0.406,0.259,738663
Bihar,Bhagalpur,2437,581,1302,4320,0.564,0.134,0.301,0.433,738663
Tamil Nadu,Trichy,18,1124,2003,3145,0.006,0.357,0.637,0.182,738627
Rajasthan,Udaipur,245,404,755,1404,0.175,0.288,0.538,0.235,738609
Tamil Nadu,Madurai,701,116,429,1246,0.563,0.093,0.344,0.44,738500
West Bengal,Asansol,258,134,381,773,0.334,0.173,0.493,0.285,738590
Maharashtra,Pune,420,185,316,921,0.456,0.201,0.343,0.356,738700
Bihar,Bhagalpur,721,195,474,1390,0.519,0.14,0.341,0.386,738554
Uttar Pradesh,Kanpur,382,133,1458,1973,0.194,0.067,0.739,0.162,738627
West Bengal,Durgapur,1886,1702,1151,4739,0.398,0.359,0.243,0.341,738681
Tamil Nadu,Trichy,1654,432,2688,4774,0.346,0.09,0.563,0.266,738700
Karnataka,Bengaluru,479,1353,1792,3624,0.132,0.373,0.494,0.247,738609
Maharashtra,Nagpur,924,122,3308,4354,0.212,0.028,0.76,0.204,738663
Tamil Nadu,Chennai,1419,622,2048,4089,0.347,0.152,0.501,0.296,738536
Rajasthan,Jaipur,903,519,2216,3638,0.248,0.143,0.609,0.249,738536
Tamil Nadu,Madurai,135,342,579,1056,0.128,0.324,0.548,0.232,738572
Karnataka,Bengaluru,2056,333,1678,4067,0.506,0.082,0.413,0.373,738536
West Bengal,Asansol,1514,951,348,2813,0.538,0.338,0.124,0.41,738500
Uttar Pradesh,Lucknow,1723,1517,796,4036,0.427,0.376,0.197,0.356,738518
Uttar Pradesh,Varanasi,1048,529,373,1950,0.537,0.271,0.191,0.425,738590
Rajasthan,Jaipur,657,314,1398,2369,0.277,0.133,0.59,0.243,738681
Madhya Pradesh,Bhopal,480,1091,1708,3279,0.146,0.333,0.521,0.275,738627
Rajasthan,Jaipur,322,921,1288,2531,0.127,0.364,0.509,0.267,738518
Karnataka,Hubli,1141,849,2753,4743,0.241,0.179,0.58,0.269,738572
Madhya Pradesh,Indore,2038,812,1691,4541,0.449,0.179,0.372,0.376,738518
Madhya Pradesh,Bhopal,1784,1462,436,3682,0.485,0.397,0.118,0.421,738518
Maharashtra,Nagpur,308,537,653,1498,0.206,0.358,0.436,0.275,738536
Tamil Nadu,Trichy,1873,75,1486,3434,0.545,0.022,0.433,0.378,738645
Madhya Pradesh,Jabalpur,698,288,1493,2479,0.282,0.116,0.602,0.273,738700
West Bengal,Howrah,167,79,380,626,0.267,0.126,0.607,0.268,738500
Rajasthan,Jaipur,309,527,683,1519,0.203,0.347,0.45,0.297,738609
West Bengal,Howrah,213,84,1665,1962,0.109,0.043,0.849,0.176,738627
Bihar,Muzaffarpur,2112,662,1286,4060,0.52,0.163,0.317,0.414,738572
Maharashtra,Nagpur,1878,1486,865,4229,0.444,0.351,0.205,0.374,738681
Uttar Pradesh,Prayagraj,812,939,631,2382,0.341,0.394,0.265,0.363,738645
Karnataka,Hubli,431,339,803,1573,0.274,0.216,0.51,0.264,738663
Maharashtra,Pune,2156,1848,836,4840,0.445,0.382,0.173,0.412,738681
Karnataka,Bengaluru,2148,628,1455,4231,0.508,0.148,0.344,0.4,738500
Tamil Nadu,Chennai,57,497,1931,2485,0.023,0.2,0.777,0.168,738700
West Bengal,Howrah,653,167,778,1598,0.409,0.105,0.487,0.322,738590
Maharashtra,Nagpur,145,240,1493,1878,0.077,0.128,0.795,0.146,738572
Maharashtra,Pune,2476,507,1765,4748,0.521,0.107,0.372,0.376,738500
Rajasthan,Udaipur,1935,1761,1244,4940,0.392,0.356,0.252,0.391,738518
Uttar Pradesh,Varanasi,1065,480,619,2164,0.492,0.222,0.286,0.4,738645
Bihar,Muzaffarpur,344,44,1574,1962,0.175,0.022,0.802,0.161,738700
Karnataka,Bengaluru,286,1001,1811,3098,0.092,0.323,0.585,0.248,738681
Bihar,Gaya,443,87,243,773,0.573,0.113,0.314,0.434,738645
Madhya Pradesh,Jabalpur,1160,153,1855,3168,0.366,0.048,0.586,0.285,738627
Tamil Nadu,Chennai,787,78,2967,3832,0.205,0.02,0.774,0.232,738536
West Bengal,Asansol,1118,616,2026,3760,0.297,0.164,0.539,0.304,738663
Karnataka,Hubli,266,610,764,1640,0.162,0.372,0.466,0.248,738645
West Bengal,Howrah,72,307,4208,4587,0.016,0.067,0.917,0.094,738700
Madhya Pradesh,Indore,614,295,162,1071,0.573,0.275,0.151,0.411,738590
West Bengal,Durgapur,433,182,683,1298,0.334,0.14,0.526,0.267,738645
Uttar Pradesh,Prayagraj,1657,870,1057,3584,0.462,0.243,0.295,0.407,738518
Maharashtra,Pune,1215,324,1894,3433,0.354,0.094,0.552,0.312,738536
Maharashtra,Pune,893,366,731,1990,0.449,0.184,0.367,0.371,738681
Tamil Nadu,Madurai,1635,466,1316,3417,0.478,0.136,0.385,0.377,738536
Uttar Pradesh,Lucknow,1714,1607,1506,4827,0.355,0.333,0.312,0.348,738590
Maharashtra,Pune,2220,972,1082,4274,0.519,0.227,0.253,0.39,738500
Madhya Pradesh,Gwalior,547,517,2029,3093,0.177,0.167,0.656,0.228,738663
West Bengal,Howrah,685,151,1126,1962,0.349,0.077,0.574,0.293,738645
Maharashtra,Pune,1307,898,1848,4053,0.322,0.222,0.456,0.289,738536
Rajasthan,Kota,1135,735,441,2311,0.491,0.318,0.191,0.407,738609
Rajasthan,Udaipur,668,190,1286,2144,0.312,0.089,0.6,0.278,738609
Maharashtra,Nagpur,2284,615,1430,4329,0.528,0.142,0.33,0.379,738536
Madhya Pradesh,Gwalior,463,229,1562,2254,0.205,0.102,0.693,0.234,738500
Uttar Pradesh,Kanpur,382,208,2122,2712,0.141,0.077,0.782,0.205,738554
Maharashtra,Nashik,223,2,1858,2083,0.107,0.001,0.892,0.142,738572
Tamil Nadu,Coimbatore,1047,662,1730,3439,0.304,0.192,0.503,0.297,738500
Bihar,Gaya,1358,1102,1609,4069,0.334,0.271,0.395,0.322,738590
Tamil Nadu,Madurai,386,701,3075,4162,0.093,0.168,0.739,0.184,738627
Madhya Pradesh,Bhopal,487,351,645,1483,0.328,0.237,0.435,0.31,738645
Bihar,Gaya,888,1121,872,2881,0.308,0.389,0.303,0.335,738700
Bihar,Gaya,920,549,3029,4498,0.205,0.122,0.673,0.224,738609
Bihar,Patna,339,596,3204,4139,0.082,0.144,0.774,0.157,738572
West Bengal,Kolkata,2353,633,1070,4056,0.58,0.156,0.264,0.404,738590
Karnataka,Mysuru,596,1505,2624,4725,0.126,0.319,0.555,0.235,738609
Rajasthan,Jodhpur,2495,1551,185,4231,0.59,0.367,0.044,0.49,738500
Uttar Pradesh,Prayagraj,362,99,303,764,0.474,0.13,0.397,0.324,738663
Rajasthan,Kota,1462,156,1603,3221,0.454,0.048,0.498,0.343,738590
Uttar Pradesh,Lucknow,2172,1105,554,3831,0.567,0.288,0.145,0.445,738627
Maharashtra,Nagpur,160,283,1624,2067,0.077,0.137,0.786,0.181,738681
Tamil Nadu,Coimbatore,471,1079,1871,3421,0.138,0.315,0.547,0.216,738518
Uttar Pradesh,Prayagraj,972,112,2157,3241,0.3,0.035,0.666,0.295,738627
Bihar,Patna,181,498,739,1418,0.128,0.351,0.521,0.222,738518
Rajasthan,Jodhpur,707,70,548,1325,0.534,0.053,0.414,0.384,738518
Karnataka,Mysuru,192,1091,2794,4077,0.047,0.268,0.685,0.177,738590
Rajasthan,Jaipur,916,473,1521,2910,0.315,0.163,0.523,0.261,738554
Maharashtra,Pune,839,1088,2578,4505,0.186,0.242,0.572,0.231,738554
Rajasthan,Jaipur,82,696,1129,1907,0.043,0.365,0.592,0.181,738500
Rajasthan,Jaipur,2173,1436,174,3783,0.574,0.38,0.046,0.43,738590
Maharashtra,Mumbai,1566,1181,410,3157,0.496,0.374,0.13,0.42,738663
Uttar Pradesh,Lucknow,568,481,752,1801,0.315,0.267,0.418,0.305,738627
Maharashtra,Pune,1956,320,1772,4048,0.483,0.079,0.438,0.353,738500
West Bengal,Howrah,987,64,2344,3395,0.291,0.019,0.69,0.254,738627
Tamil Nadu,Coimbatore,534,1414,2512,4460,0.12,0.317,0.563,0.21,738681
Madhya Pradesh,Indore,95,146,585,826,0.115,0.177,0.708,0.175,738554
Bihar,Gaya,80,228,316,624,0.128,0.365,0.506,0.247,738518
Uttar Pradesh,Agra,500,57,380,937,0.534,0.061,0.406,0.399,738500
Rajasthan,Udaipur,44,96,1261,1401,0.031,0.069,0.9,0.122,738518
West Bengal,Durgapur,1590,1632,1558,4780,0.333,0.341,0.326,0.332,738681
Karnataka,Hubli,1357,1177,1757,4291,0.316,0.274,0.409,0.325,738590
West Bengal,Howrah,1686,582,960,3228,0.522,0.18,0.297,0.423,738500
Maharashtra,Pune,1926,616,1072,3614,0.533,0.17,0.297,0.376,738518
Karnataka,Mysuru,225,669,2687,3581,0.063,0.187,0.75,0.147,738609
Tamil Nadu,Chennai,2121,1214,333,3668,0.578,0.331,0.091,0.471,738700
Tamil Nadu,Trichy,573,666,2859,4098,0.14,0.163,0.698,0.241,738645
Tamil Nadu,Chennai,129,638,1198,1965,0.066,0.325,0.61,0.224,738681
Rajasthan,Kota,714,73,705,1492,0.479,0.049,0.473,0.327,738663
Uttar Pradesh,Prayagraj,40,428,3220,3688,0.011,0.116,0.873,0.1,738681
Uttar Pradesh,Lucknow,824,888,1064,2776,0.297,0.32,0.383,0.317,738627
Tamil Nadu,Coimbatore,1296,116,2808,4220,0.307,0.027,0.665,0.297,738627
Bihar,Bhagalpur,694,924,1590,3208,0.216,0.288,0.496,0.298,738572
Karnataka,Mysuru,1577,495,749,2821,0.559,0.175,0.266,0.431,738500
Uttar Pradesh,Lucknow,222,131,303,656,0.338,0.2,0.462,0.277,738500
Bihar,Bhagalpur,154,987,2635,3776,0.041,0.261,0.698,0.188,738554
Tamil Nadu,Coimbatore,153,91,1433,1677,0.091,0.054,0.855,0.14,738645
Uttar Pradesh,Kanpur,2016,809,877,3702,0.545,0.219,0.237,0.38,738572
Tamil Nadu,Chennai,642,1072,1664,3378,0.19,0.317,0.493,0.268,738627
Madhya Pradesh,Indore,1331,867,2085,4283,0.311,0.202,0.487,0.299,738536
Rajasthan,Kota,821,128,763,1712,0.48,0.075,0.446,0.366,738627
Uttar Pradesh,Lucknow,143,441,2427,3011,0.047,0.146,0.806,0.132,738663
Rajasthan,Kota,1357,810,1475,3642,0.373,0.222,0.405,0.379,738554
Bihar,Gaya,300,723,2669,3692,0.081,0.196,0.723,0.162,738609
Tamil Nadu,Coimbatore,1751,893,1517,4161,0.421,0.215,0.365,0.302,738700
Bihar,Muzaffarpur,745,456,1258,2459,0.303,0.185,0.512,0.261,738663
Uttar Pradesh,Agra,557,182,1060,1799,0.31,0.101,0.589,0.251,738518
Tamil Nadu,Trichy,77,783,1175,2035,0.038,0.385,0.577,0.204,738518
Rajasthan,Jodhpur,17,11,749,777,0.022,0.014,0.964,0.11,738554
Tamil Nadu,Madurai,1094,479,2049,3622,0.302,0.132,0.566,0.269,738590
Maharashtra,Mumbai,646,442,227,1315,0.491,0.336,0.173,0.431,738681
West Bengal,Durgapur,2628,534,1811,4973,0.528,0.107,0.364,0.379,738536
Maharashtra,Mumbai,888,266,518,1672,0.531,0.159,0.31,0.402,738590
Rajasthan,Kota,546,118,307,971,0.562,0.122,0.316,0.406,738663
Rajasthan,Jodhpur,962,957,517,2436,0.395,0.393,0.212,0.391,738645
Madhya Pradesh,Gwalior,515,396,459,1370,0.376,0.289,0.335,0.366,738500
Uttar Pradesh,Agra,18,641,2085,2744,0.007,0.234,0.76,0.17,738518
Tamil Nadu,Chennai,773,391,201,1365,0.566,0.286,0.147,0.437,738663
Uttar Pradesh,Agra,1785,635,647,3067,0.582,0.207,0.211,0.391,738645
West Bengal,Asansol,1135,1031,593,2759,0.411,0.374,0.215,0.369,738663
West Bengal,Howrah,660,235,458,1353,0.488,0.174,0.339,0.405,738590
Bihar,Gaya,134,904,2553,3591,0.037,0.252,0.711,0.193,738609
Rajasthan,Jaipur,2603,1865,213,4681,0.556,0.398,0.046,0.441,738700
Madhya Pradesh,Indore,1074,241,865,2180,0.493,0.111,0.397,0.365,738663
Karnataka,Mangaluru,340,56,173,569,0.598,0.098,0.304,0.409,738572
Rajasthan,Udaipur,442,17,841,1300,0.34,0.013,0.647,0.263,738627
Maharashtra,Pune,24,842,3499,4365,0.005,0.193,0.802,0.154,738645
Madhya Pradesh,Indore,231,63,385,679,0.34,0.093,0.567,0.302,738645
Bihar,Gaya,1249,595,932,2776,0.45,0.214,0.336,0.369,738500
Maharashtra,Nagpur,2669,1789,539,4997,0.534,0.358,0.108,0.425,738518
Tamil Nadu,Chennai,435,176,231,842,0.517,0.209,0.274,0.394,738663
Maharashtra,Pune,1184,942,1609,3735,0.317,0.252,0.431,0.312,738663
Bihar,Bhagalpur,278,250,925,1453,0.191,0.172,0.637,0.194,738518
Rajasthan,Kota,791,545,1351,2687,0.294,0.203,0.503,0.287,738500
Uttar Pradesh,Prayagraj,1362,1282,1109,3753,0.363,0.342,0.295,0.336,738663
Bihar,Muzaffarpur,897,107,769,1773,0.506,0.06,0.434,0.363,738681
Rajasthan,Kota,1227,15,3635,4877,0.252,0.003,0.745,0.234,738518
Madhya Pradesh,Jabalpur,31,270,527,828,0.037,0.326,0.636,0.191,738700
Bihar,Muzaffarpur,361,247,546,1154,0.313,0.214,0.473,0.316,738645
Madhya Pradesh,Gwalior,415,1378,1678,3471,0.12,0.397,0.483,0.221,738627
West Bengal,Howrah,420,1686,2515,4621,0.091,0.365,0.544,0.207,738500
West Bengal,Kolkata,1510,460,2844,4814,0.314,0.096,0.591,0.27,738500
West Bengal,Durgapur,255,1007,3690,4952,0.051,0.203,0.745,0.159,738554
Uttar Pradesh,Agra,949,755,1367,3071,0.309,0.246,0.445,0.326,738645
West Bengal,Howrah,614,617,1137,2368,0.259,0.261,0.48,0.274,738518
West Bengal,Asansol,1098,1065,974,3137,0.35,0.339,0.31,0.382,738663
Madhya Pradesh,Jabalpur,767,306,650,1723,0.445,0.178,0.377,0.337,738645
Bihar,Bhagalpur,677,398,79,1154,0.587,0.345,0.068,0.459,738645
Maharashtra,Pune,3,280,1230,1513,0.002,0.185,0.813,0.126,738700
Madhya Pradesh,Jabalpur,100,520,1323,1943,0.051,0.268,0.681,0.175,738518
Maharashtra,Pune,225,104,4257,4586,0.049,0.023,0.928,0.134,738645
Rajasthan,Kota,206,27,700,933,0.221,0.029,0.75,0.211,738645
Madhya Pradesh,Jabalpur,250,858,1807,2915,0.086,0.294,0.62,0.164,738663
Karnataka,Hubli,149,131,1138,1418,0.105,0.092,0.803,0.156,738663
Madhya Pradesh,Gwalior,471,246,3415,4132,0.114,0.06,0.826,0.202,738518
Rajasthan,Udaipur,1074,688,1345,3107,0.346,0.221,0.433,0.33,738627
Madhya Pradesh,Bhopal,706,1237,2048,3991,0.177,0.31,0.513,0.283,738681
Uttar Pradesh,Kanpur,502,123,628,1253,0.401,0.098,0.501,0.322,738645
Karnataka,Mangaluru,206,150,4070,4426,0.047,0.034,0.92,0.115,738700
Tamil Nadu,Trichy,1168,36,1294,2498,0.468,0.014,0.518,0.328,738572
Bihar,Gaya,467,18,882,1367,0.342,0.013,0.645,0.289,738554
West Bengal,Asansol,2475,1140,717,4332,0.571,0.263,0.166,0.447,738609
West Bengal,Durgapur,41,1320,2178,3539,0.012,0.373,0.615,0.177,738663
West Bengal,Durgapur,2441,1545,475,4461,0.547,0.346,0.106,0.423,738572
West Bengal,Howrah,1168,68,3408,4644,0.252,0.015,0.734,0.248,738572
Bihar,Patna,1701,1194,1121,4016,0.424,0.297,0.279,0.368,738554
Uttar Pradesh,Agra,2142,261,1434,3837,0.558,0.068,0.374,0.411,738663
Uttar Pradesh,Lucknow,2266,1556,703,4525,0.501,0.344,0.155,0.439,738609
West Bengal,Asansol,1407,1216,1991,4614,0.305,0.264,0.432,0.308,738572
West Bengal,Durgapur,744,551,3577,4872,0.153,0.113,0.734,0.195,738663
Rajasthan,Jaipur,108,1207,1916,3231,0.033,0.374,0.593,0.168,738609
Madhya Pradesh,Jabalpur,496,86,290,872,0.569,0.099,0.333,0.415,738609
Maharashtra,Nagpur,702,41,2946,3689,0.19,0.011,0.799,0.222,738627
